category,url,title,suggested_action
ClubTLT,/blog/2015/club-tlt,,ClubTLT post — replace with new ClubTLT page
ClubTLT,/blog/2016/like-you-like-it-presented-by-clubtlt,,ClubTLT post — replace with new ClubTLT page
ClubTLT,/blog/2017/club-tlt-spring-recital,,ClubTLT post — replace with new ClubTLT page
ClubTLT,/blog/2017/cyrano-de-burger-shack-a-clubtlt-summer-production,,ClubTLT post — replace with new ClubTLT page
ClubTLT,/blog/2017/cyrano-de-burger-shack-a-clubtlt-summer-production-frlk2,,ClubTLT post — replace with new ClubTLT page
ClubTLT,/blog/2017/cyrano-de-burger-shack-a-clubtlt-summer-production-frlk2-z29c7,,ClubTLT post — replace with new ClubTLT page
audition post,/blog/2015/97th-season-auditions,,Outdated audition announcement — likely skip
audition post,/blog/2015/97th-season-auditions-1,,Outdated audition announcement — likely skip
audition post,/blog/2015/rabbit-hole-auditions,,Outdated audition announcement — likely skip
audition post,/blog/2015/second-samuel-auditions,,Outdated audition announcement — likely skip
audition post,/blog/2015/smokey-joes-cafe-auditions,,Outdated audition announcement — likely skip
audition post,/blog/2015/the-last-night-of-ballyhoo-auditions,,Outdated audition announcement — likely skip
audition post,/blog/2016/dracula-auditions,,Outdated audition announcement — likely skip
audition post,/blog/2016/gypsy-auditions,,Outdated audition announcement — likely skip
audition post,/blog/2016/miracle-on-34th-street-auditions,,Outdated audition announcement — likely skip
audition post,/blog/2016/of-mice-and-men-auditions,,Outdated audition announcement — likely skip
audition post,/blog/2016/the-underpants-auditions,,Outdated audition announcement — likely skip
audition post,/blog/2016/vanya-and-sonia-and-masha-and-spike-auditions,,Outdated audition announcement — likely skip
audition post,/blog/2017/audition-master-class-with-kip-niven,,Outdated audition announcement — likely skip
audition post,/blog/2017/auditions-for-blithe-spirit,,Outdated audition announcement — likely skip
audition post,/blog/2017/auditions-for-exit-laughing,,Outdated audition announcement — likely skip
audition post,/blog/2017/auditions-for-jcs,,Outdated audition announcement — likely skip
audition post,/blog/2017/auditions-for-lesser-god,,Outdated audition announcement — likely skip
audition post,/blog/2017/auditions-for-rumors,,Outdated audition announcement — likely skip
audition post,/blog/2017/auditions-for-seussical,,Outdated audition announcement — likely skip
audition post,/blog/2017/auditionspillow,,Outdated audition announcement — likely skip
audition post,/blog/2018/auditions-for-macbeth,,Outdated audition announcement — likely skip
audition post,/blog/2018/auditionsbellbookcandle,,Outdated audition announcement — likely skip
audition post,/blog/2018/auditionsforeigner,,Outdated audition announcement — likely skip
audition post,/blog/2018/auditionsveteransday,,Outdated audition announcement — likely skip
audition post,/blog/2018/calendarauditions,,Outdated audition announcement — likely skip
audition post,/blog/2018/dollshouseaudition,,Outdated audition announcement — likely skip
audition post,/blog/2018/dollshouseaudition-jpanj,,Outdated audition announcement — likely skip
audition post,/blog/2018/lauraauditions,,Outdated audition announcement — likely skip
audition post,/blog/2018/lauraauditions-af84x,,Outdated audition announcement — likely skip
audition post,/blog/2018/scroogeaudition,,Outdated audition announcement — likely skip
audition post,/blog/2019/choruslineaudition,,Outdated audition announcement — likely skip
audition post,/blog/2019/choruslineaudition-rr6em,,Outdated audition announcement — likely skip
audition post,/blog/2019/evildeadauditions,,Outdated audition announcement — likely skip
audition post,/blog/2019/holmesauditions,,Outdated audition announcement — likely skip
audition post,/blog/2019/holmesauditions-nf2bd,,Outdated audition announcement — likely skip
audition post,/blog/2019/shatteringauditions-5n88x,,Outdated audition announcement — likely skip
audition post,/blog/2019/sophieauditions,,Outdated audition announcement — likely skip
audition post,/blog/2019/termsaudition,,Outdated audition announcement — likely skip
audition post,/blog/2019/termsaudition-8fkje,,Outdated audition announcement — likely skip
audition post,/blog/2020/hanukkahauditions,,Outdated audition announcement — likely skip
audition post,/blog/2020/pageauditions,,Outdated audition announcement — likely skip
audition post,/blog/2021/rewildaudition,,Outdated audition announcement — likely skip
audition post,/blog/springawakeningauditioninfo,,Outdated audition announcement — likely skip
board profile,/blog/board/em,,Individual staff/board page
board profile,/blog/board/kay,,Individual staff/board page
board profile,/blog/board/kay-emp99,,Individual staff/board page
board profile,/blog/board/kay-njsdj,,Individual staff/board page
board profile,/blog/board/kay-rdzag,,Individual staff/board page
board profile,/blog/board/leah,,Individual staff/board page
board profile,/blog/board/sam,,Individual staff/board page
board profile,/blog/board/trevor,,Individual staff/board page
category index,/blog/category/95th+Season,,Squarespace tag/category index — skip (auto-generated)
category index,/blog/category/96th+Season,,Squarespace tag/category index — skip (auto-generated)
category index,/blog/category/98th+Season,,Squarespace tag/category index — skip (auto-generated)
category index,/blog/category/Auditions,,Squarespace tag/category index — skip (auto-generated)
category index,/blog/category/Board,,Squarespace tag/category index — skip (auto-generated)
category index,/blog/category/DEI,,Squarespace tag/category index — skip (auto-generated)
category index,/blog/category/Education+Program,,Squarespace tag/category index — skip (auto-generated)
category index,/blog/category/Historical+Shows,,Squarespace tag/category index — skip (auto-generated)
category index,/blog/category/Jobs,,Squarespace tag/category index — skip (auto-generated)
category index,/blog/category/Main,,Squarespace tag/category index — skip (auto-generated)
category index,/blog/category/Now+Playing,,Squarespace tag/category index — skip (auto-generated)
category index,/blog/category/Off+the+Shelf,,Squarespace tag/category index — skip (auto-generated)
category index,/blog/category/Other+Shows,,Squarespace tag/category index — skip (auto-generated)
category index,/blog/category/Other+Theatre+Shows,,Squarespace tag/category index — skip (auto-generated)
category index,/blog/category/Press,,Squarespace tag/category index — skip (auto-generated)
category index,/blog/category/Staff,,Squarespace tag/category index — skip (auto-generated)
category index,/blog/category/Sticky,,Squarespace tag/category index — skip (auto-generated)
covid notice,/blog/2019/covid19,,Outdated COVID notice — skip
covid notice,/blog/2019/covid19-38xd9,,Outdated COVID notice — skip
covid notice,/blog/2022/steelcovid,,Outdated COVID notice — skip
decade page,/blog/2015/1918-1930,,Historical decade summary — keep as /history page
decade page,/blog/2015/1930-1940,,Historical decade summary — keep as /history page
decade page,/blog/2015/1940-1950,,Historical decade summary — keep as /history page
decade page,/blog/2015/1950-1960,,Historical decade summary — keep as /history page
decade page,/blog/2015/1960-1970,,Historical decade summary — keep as /history page
decade page,/blog/2015/1970-1980,,Historical decade summary — keep as /history page
decade page,/blog/2015/1980-1990,,Historical decade summary — keep as /history page
decade page,/blog/2015/1990-2000,,Historical decade summary — keep as /history page
decade page,/blog/2015/2000-2010,,Historical decade summary — keep as /history page
decade page,/blog/2015/2010-2011,,Historical decade summary — keep as /history page
decade page,/blog/2015/2011-2012,,Historical decade summary — keep as /history page
decade page,/blog/2015/2012-2013,,Historical decade summary — keep as /history page
education event,/blog/2015/5/11/beauty-and-the-beast-jr,,"Class/camp announcement — keep recent, skip old"
education event,/blog/2015/beauty-and-the-beast-jr-performances,,"Class/camp announcement — keep recent, skip old"
education event,/blog/2015/camp-tlt-winter-2016,,"Class/camp announcement — keep recent, skip old"
education event,/blog/2015/summer-camp,,"Class/camp announcement — keep recent, skip old"
education event,/blog/2016/aladdin-jr,,"Class/camp announcement — keep recent, skip old"
education event,/blog/2016/summer-camp-2016,,"Class/camp announcement — keep recent, skip old"
education event,/blog/2016/summer-camp-2016-aladdin,,"Class/camp announcement — keep recent, skip old"
education event,/blog/2016/summer-camp-2016-high-school-musical,,"Class/camp announcement — keep recent, skip old"
education event,/blog/2017/legally-blond-jr,,"Class/camp announcement — keep recent, skip old"
education event,/blog/2017/peter-pan-jr,,"Class/camp announcement — keep recent, skip old"
education event,/blog/2018/mulanjr,,"Class/camp announcement — keep recent, skip old"
education event,/blog/2018/mulanjr-hh87h,,"Class/camp announcement — keep recent, skip old"
education event,/blog/2018/summercampmulan,,"Class/camp announcement — keep recent, skip old"
education event,/blog/2019/seussicalcamp,,"Class/camp announcement — keep recent, skip old"
education event,/blog/2019/summercamppoppins,,"Class/camp announcement — keep recent, skip old"
education event,/blog/2019/summercamppoppins-rpwsh,,"Class/camp announcement — keep recent, skip old"
education event,/blog/2019/summercamppoppins-rpwsh-6pgye,,"Class/camp announcement — keep recent, skip old"
education event,/blog/2019/summercamppoppins-rpwsh-dkt88,,"Class/camp announcement — keep recent, skip old"
education event,/blog/2019/summercamppoppins-rpwsh-dznrc,,"Class/camp announcement — keep recent, skip old"
education event,/blog/2019/summercamppoppins-rpwsh-jzptm,,"Class/camp announcement — keep recent, skip old"
education event,/blog/2019/summercamppoppins-tb7p2,,"Class/camp announcement — keep recent, skip old"
education event,/blog/2019/summercampseuss,,"Class/camp announcement — keep recent, skip old"
education event,/blog/2020/fallyouth,,"Class/camp announcement — keep recent, skip old"
education event,/blog/2021/springclasses,,"Class/camp announcement — keep recent, skip old"
education event,/blog/2021/summercamp,,"Class/camp announcement — keep recent, skip old"
education event,/blog/2022/summercamp,,"Class/camp announcement — keep recent, skip old"
education event,/blog/2023/spring-break-camp-2023-skills-break-camp,,"Class/camp announcement — keep recent, skip old"
education event,/blog/2023/summer-camps-2023,,"Class/camp announcement — keep recent, skip old"
education event,/blog/25fallclasses,,"Class/camp announcement — keep recent, skip old"
education event,/blog/25fallclasses-2kptp,,"Class/camp announcement — keep recent, skip old"
education event,/blog/fiddlerjr,,"Class/camp announcement — keep recent, skip old"
fundraising,/blog/2015/97th-season-opening-gala,,"Fundraising event — keep recent, skip old"
fundraising,/blog/2016/98th-season-opening-gala-and-silent-auction,,"Fundraising event — keep recent, skip old"
fundraising,/blog/2016/98th-season-opening-gala-and-silent-auction-ewp7l,,"Fundraising event — keep recent, skip old"
fundraising,/blog/2016/annual-fund-drive,,"Fundraising event — keep recent, skip old"
fundraising,/blog/2017/annualfunddrive,,"Fundraising event — keep recent, skip old"
fundraising,/blog/2017/annualfunddrive-4y34r,,"Fundraising event — keep recent, skip old"
fundraising,/blog/2017/annualfunddrive-fpemm,,"Fundraising event — keep recent, skip old"
fundraising,/blog/2018/100seasongala,,"Fundraising event — keep recent, skip old"
fundraising,/blog/2018/100seasongala-3mk7k,,"Fundraising event — keep recent, skip old"
fundraising,/blog/2019/gala,,"Fundraising event — keep recent, skip old"
fundraising,/blog/2020/annualfund,,"Fundraising event — keep recent, skip old"
fundraising,/blog/2022annualfund,,"Fundraising event — keep recent, skip old"
fundraising,/blog/2022annualfund-gf5fk,,"Fundraising event — keep recent, skip old"
old show/news,/blog/2015/5/11/97th-season-announced,,Possibly an old show — needs review
old show/news,/blog/2015/5/11/the-ceremony-of-innocence,,Possibly an old show — needs review
old show/news,/blog/2015/5/11/the-music-man-junior,,Possibly an old show — needs review
old show/news,/blog/2015/a-christmas-story,,Possibly an old show — needs review
old show/news,/blog/2015/a-few-good-men,,Possibly an old show — needs review
old show/news,/blog/2015/a-midsummer-nights-dream,,Possibly an old show — needs review
old show/news,/blog/2015/all-the-great-books,,Possibly an old show — needs review
old show/news,/blog/2015/amazon-smile,,Possibly an old show — needs review
old show/news,/blog/2015/boeing-boeing,,Possibly an old show — needs review
old show/news,/blog/2015/bye-bye-birdie,,Possibly an old show — needs review
old show/news,/blog/2015/c-ellen-peters,,Possibly an old show — needs review
old show/news,/blog/2015/cabaret,,Possibly an old show — needs review
old show/news,/blog/2015/cabaret-pictures-1,,Possibly an old show — needs review
old show/news,/blog/2015/chapter-two,,Possibly an old show — needs review
old show/news,/blog/2015/city-line-interview,,Possibly an old show — needs review
old show/news,/blog/2015/city-line-interview-a-christmas-story,,Possibly an old show — needs review
old show/news,/blog/2015/dial-m-for-murder,,Possibly an old show — needs review
old show/news,/blog/2015/donna-kundson,,Possibly an old show — needs review
old show/news,/blog/2015/education-program,,Possibly an old show — needs review
old show/news,/blog/2015/fred-meyer-community-rewards-helps-tlt,,Possibly an old show — needs review
old show/news,/blog/2015/george-mcclure-md,,Possibly an old show — needs review
old show/news,/blog/2015/heidi-walworth-horn,,Possibly an old show — needs review
old show/news,/blog/2015/hembree,,Possibly an old show — needs review
old show/news,/blog/2015/its-a-wonderful-life,,Possibly an old show — needs review
old show/news,/blog/2015/jeanette,,Possibly an old show — needs review
old show/news,/blog/2015/jen-niehaus-rivers,,Possibly an old show — needs review
old show/news,/blog/2015/katherine-davis,,Possibly an old show — needs review
old show/news,/blog/2015/lily,,Possibly an old show — needs review
old show/news,/blog/2015/managing-artistic-director,,Possibly an old show — needs review
old show/news,/blog/2015/martin,,Possibly an old show — needs review
old show/news,/blog/2015/micheal-ohara,,Possibly an old show — needs review
old show/news,/blog/2015/moonlight-and-magnolias,,Possibly an old show — needs review
old show/news,/blog/2015/murder-on-the-movie-set,,Possibly an old show — needs review
old show/news,/blog/2015/nick,,Possibly an old show — needs review
old show/news,/blog/2015/office-manager-373ag,,Possibly an old show — needs review
old show/news,/blog/2015/office-manager-373ag-9pnef-aclg5,,Possibly an old show — needs review
old show/news,/blog/2015/office-manager-373ag-9pnef-aclg5-6l825,,Possibly an old show — needs review
old show/news,/blog/2015/office-manager-373ag-9pnef-aclg5-6l825-l9egj,,Possibly an old show — needs review
old show/news,/blog/2015/office-manager-373ag-9pnef-aclg5-p78cz,,Possibly an old show — needs review
old show/news,/blog/2015/office-manager-lyb47,,Possibly an old show — needs review
old show/news,/blog/2015/oliver-1,,Possibly an old show — needs review
old show/news,/blog/2015/ouroboros-shadow-pictures-presents-the-history-of-waking-up,,Possibly an old show — needs review
old show/news,/blog/2015/picasso-at-the-lapin-agile,,Possibly an old show — needs review
old show/news,/blog/2015/rabbit-hole,,Possibly an old show — needs review
old show/news,/blog/2015/randy-clark,,Possibly an old show — needs review
old show/news,/blog/2015/randy-clark-dbs3d,,Possibly an old show — needs review
old show/news,/blog/2015/scrooge-the-musical,,Possibly an old show — needs review
old show/news,/blog/2015/second-samuel,,Possibly an old show — needs review
old show/news,/blog/2015/smokey-joes-cafe,,Possibly an old show — needs review
old show/news,/blog/2015/stay-cool-at-tlt,,Possibly an old show — needs review
old show/news,/blog/2015/steele-magnolias,,Possibly an old show — needs review
old show/news,/blog/2015/tania,,Possibly an old show — needs review
old show/news,/blog/2015/technical-director,,Possibly an old show — needs review
old show/news,/blog/2015/the-buddy-holly-story,,Possibly an old show — needs review
old show/news,/blog/2015/the-complete-works-of-william-shakespeare-abridged-revised,,Possibly an old show — needs review
old show/news,/blog/2015/the-fox-on-the-fairway,,Possibly an old show — needs review
old show/news,/blog/2015/the-great-gatsby,,Possibly an old show — needs review
old show/news,/blog/2015/the-last-night-of-ballyhoo,,Possibly an old show — needs review
old show/news,/blog/2015/the-legend-of-sleepy-hollow,,Possibly an old show — needs review
old show/news,/blog/2015/the-mystery-of-edwin-drood,,Possibly an old show — needs review
old show/news,/blog/2015/the-night-of-the-iguana,,Possibly an old show — needs review
old show/news,/blog/2015/the-weir,,Possibly an old show — needs review
old show/news,/blog/2015/to-kill-a-mockingbird,,Possibly an old show — needs review
old show/news,/blog/2015/tomorrow-tomorrow,,Possibly an old show — needs review
old show/news,/blog/2015/vanya-sonia-masha-and-spike,,Possibly an old show — needs review
old show/news,/blog/2016/365days,,Possibly an old show — needs review
old show/news,/blog/2016/a-benefit-for-orlando,,Possibly an old show — needs review
old show/news,/blog/2016/a-day-in-the-death-of-joe,,Possibly an old show — needs review
old show/news,/blog/2016/a-piece-of-my-heart,,Possibly an old show — needs review
old show/news,/blog/2016/after-school-tlt-dracula,,Possibly an old show — needs review
old show/news,/blog/2016/after-school-tlt-dracula-elpss,,Possibly an old show — needs review
old show/news,/blog/2016/after-school-tlt-robin-hood,,Possibly an old show — needs review
old show/news,/blog/2016/after-school-tlt-spring-2016,,Possibly an old show — needs review
old show/news,/blog/2016/birds-from-the-thicket,,Possibly an old show — needs review
old show/news,/blog/2016/city-line-the-last-night-of-ballyhoo,,Possibly an old show — needs review
old show/news,/blog/2016/dracula,,Possibly an old show — needs review
old show/news,/blog/2016/exit-laughing,,Possibly an old show — needs review
old show/news,/blog/2016/fools-play-improv-at-tlt,,Possibly an old show — needs review
old show/news,/blog/2016/fools-play-improv-at-tlt-gwn7e,,Possibly an old show — needs review
old show/news,/blog/2016/fools-play-improv-at-tlt-gwn7e-yfh46,,Possibly an old show — needs review
old show/news,/blog/2016/fools-play-improv-at-tlt-h6azh,,Possibly an old show — needs review
old show/news,/blog/2016/gritty-city-sirens,,Possibly an old show — needs review
old show/news,/blog/2016/gypsy,,Possibly an old show — needs review
old show/news,/blog/2016/high-school-musical,,Possibly an old show — needs review
old show/news,/blog/2016/lit-aloud-an-off-the-shelf-event,,Possibly an old show — needs review
old show/news,/blog/2016/miracle-on-34th-street,,Possibly an old show — needs review
old show/news,/blog/2016/murder-is-served-a-murder-mystery-dinner,,Possibly an old show — needs review
old show/news,/blog/2016/noises-off,,Possibly an old show — needs review
old show/news,/blog/2016/of-mice-and-men,,Possibly an old show — needs review
old show/news,/blog/2016/offtheshelfbeverly,,Possibly an old show — needs review
old show/news,/blog/2016/parking,,Possibly an old show — needs review
old show/news,/blog/2016/stop-kiss-presented-by-found-space-productions,,Possibly an old show — needs review
old show/news,/blog/2016/tacoma-arts-month,,Possibly an old show — needs review
old show/news,/blog/2016/the-fortune-teller-presented-by-opera-elect,,Possibly an old show — needs review
old show/news,/blog/2016/the-last-escape-a-puzzle-room,,Possibly an old show — needs review
old show/news,/blog/2016/the-man-who-shot-liberty-valance-1,,Possibly an old show — needs review
old show/news,/blog/2016/the-ozzie-fuhrmann-swing-band,,Possibly an old show — needs review
old show/news,/blog/2016/the-scarlett,,Possibly an old show — needs review
old show/news,/blog/2016/the-tenth-muse-off-the-shelf,,Possibly an old show — needs review
old show/news,/blog/2016/the-underpants,,Possibly an old show — needs review
old show/news,/blog/2016/the-underpants-5ypj7,,Possibly an old show — needs review
old show/news,/blog/2016/the-underpants-5ypj7-em9m8,,Possibly an old show — needs review
old show/news,/blog/2016/the-underpants-5ypj7-em9m8-jfy3x,,Possibly an old show — needs review
old show/news,/blog/2016/the-underpants-5ypj7-em9m8-l4mjh,,Possibly an old show — needs review
old show/news,/blog/2016/the-underpants-5ypj7-em9m8-l4mjh-y6c62,,Possibly an old show — needs review
old show/news,/blog/2016/the-underpants-5ypj7-em9m8-l4mjh-y6c62-hkpgb,,Possibly an old show — needs review
old show/news,/blog/2016/the-underpants-5ypj7-em9m8-l4mjh-y6c62-hkpgb-86s8n,,Possibly an old show — needs review
old show/news,/blog/2016/the-underpants-5ypj7-yzws8,,Possibly an old show — needs review
old show/news,/blog/2016/three-one-acts-lemonade-the-cat-connection-second-chance,,Possibly an old show — needs review
old show/news,/blog/2016/top-girls,,Possibly an old show — needs review
old show/news,/blog/2016/wintereducation2018,,Possibly an old show — needs review
old show/news,/blog/2017/after-school-tlt-hansel-gretel,,Possibly an old show — needs review
old show/news,/blog/2017/agentandtheactor,,Possibly an old show — needs review
old show/news,/blog/2017/annie-katica-green,,Possibly an old show — needs review
old show/news,/blog/2017/empathos,,Possibly an old show — needs review
old show/news,/blog/2017/fade,,Possibly an old show — needs review
old show/news,/blog/2017/gritty-city-sirens-present-boobtube,,Possibly an old show — needs review
old show/news,/blog/2017/gritty-city-sirens-present-boobtube-62hcx,,Possibly an old show — needs review
old show/news,/blog/2017/honey,,Possibly an old show — needs review
old show/news,/blog/2017/honey-a76cy,,Possibly an old show — needs review
old show/news,/blog/2017/honey-a76cy-3nefp,,Possibly an old show — needs review
old show/news,/blog/2017/honey-a76cy-3nefp-58mtg,,Possibly an old show — needs review
old show/news,/blog/2017/honey-a76cy-epksn,,Possibly an old show — needs review
old show/news,/blog/2017/honeymoon-from-hell,,Possibly an old show — needs review
old show/news,/blog/2017/jennyhubbard,,Possibly an old show — needs review
old show/news,/blog/2017/love-loss-and-what-i-wore,,Possibly an old show — needs review
old show/news,/blog/2017/mrs-smith-goes-to-washington,,Possibly an old show — needs review
old show/news,/blog/2017/second-samuel-festival-performances,,Possibly an old show — needs review
old show/news,/blog/2017/the-death-of-dr-pepper-a-murder-mystery-dinner,,Possibly an old show — needs review
old show/news,/blog/2017/the-incredible-undersea-trial-of-joseph-p-lawnboy,,Possibly an old show — needs review
old show/news,/blog/2018/broadwayolympia,,Possibly an old show — needs review
old show/news,/blog/2018/condotokillfor,,Possibly an old show — needs review
old show/news,/blog/2018/condotokillfor-9gb5f,,Possibly an old show — needs review
old show/news,/blog/2018/cyranproductions,,Possibly an old show — needs review
old show/news,/blog/2018/deathbyvalentine,,Possibly an old show — needs review
old show/news,/blog/2018/grab-a-seat-and-enjoy,,Possibly an old show — needs review
old show/news,/blog/2018/grittycityboobtubeseason2,,Possibly an old show — needs review
old show/news,/blog/2018/grittycityvarie,,Possibly an old show — needs review
old show/news,/blog/2018/montreal,,Possibly an old show — needs review
old show/news,/blog/2018/muhgrog,,Possibly an old show — needs review
old show/news,/blog/2018/muhgrog-hm4j8,,Possibly an old show — needs review
old show/news,/blog/2018/muhgrog-hm4j8-7zmbm,,Possibly an old show — needs review
old show/news,/blog/2018/murderbymerlot,,Possibly an old show — needs review
old show/news,/blog/2018/murderbymerlot-xgbbm,,Possibly an old show — needs review
old show/news,/blog/2018/murderbymerlot-xgbbm-sk9e2,,Possibly an old show — needs review
old show/news,/blog/2018/offtheshelfempire,,Possibly an old show — needs review
old show/news,/blog/2018/offtheshelfmeasure,,Possibly an old show — needs review
old show/news,/blog/2018/offtheshelfpeterpan,,Possibly an old show — needs review
old show/news,/blog/2018/offtheshelfrevolution,,Possibly an old show — needs review
old show/news,/blog/2018/offtheshelfrevolution-6xwxa,,Possibly an old show — needs review
old show/news,/blog/2018/offtheshelfrevolution-6xwxa-24bb7,,Possibly an old show — needs review
old show/news,/blog/2018/offtheshelfrevolution-7lpkw,,Possibly an old show — needs review
old show/news,/blog/2018/offtheshelfrevolution-7lpkw-eydma,,Possibly an old show — needs review
old show/news,/blog/2018/offtheshelfrevolution-7lpkw-eydma-tfp5d,,Possibly an old show — needs review
old show/news,/blog/2018/offtheshelfrevolution-7lpkw-eydma-tfp5d-j22jm,,Possibly an old show — needs review
old show/news,/blog/2018/offtheshelfrevolution-gjkhz,,Possibly an old show — needs review
old show/news,/blog/2018/sexiest,,Possibly an old show — needs review
old show/news,/blog/2018/sexiest-9glhh,,Possibly an old show — needs review
old show/news,/blog/2018/shipwrecked,,Possibly an old show — needs review
old show/news,/blog/2018/shipwrecked-3ywjl,,Possibly an old show — needs review
old show/news,/blog/2018/springeducation,,Possibly an old show — needs review
old show/news,/blog/2018/springeducation-73prh,,Possibly an old show — needs review
old show/news,/blog/2018/springeducation-73prh-kw3jp,,Possibly an old show — needs review
old show/news,/blog/2018/springeducation-73prh-t9ly4,,Possibly an old show — needs review
old show/news,/blog/2018/springeducation-73prh-t9ly4-645bw,,Possibly an old show — needs review
old show/news,/blog/2018/springeducation-73prh-t9ly4-645bw-espsf,,Possibly an old show — needs review
old show/news,/blog/2018/springeducation-73prh-t9ly4-645bw-jww8t,,Possibly an old show — needs review
old show/news,/blog/2018/springeducation-73prh-t9ly4-645bw-x768b,,Possibly an old show — needs review
old show/news,/blog/2018/springeducation-73prh-t9ly4-645bw-x768b-9rkry,,Possibly an old show — needs review
old show/news,/blog/2018/veteransdayproject,,Possibly an old show — needs review
old show/news,/blog/2019/blm,,Possibly an old show — needs review
old show/news,/blog/2019/blueforge,,Possibly an old show — needs review
old show/news,/blog/2019/castmates,,Possibly an old show — needs review
old show/news,/blog/2019/castmates-54bgg,,Possibly an old show — needs review
old show/news,/blog/2019/castmates-54bgg-ltef7,,Possibly an old show — needs review
old show/news,/blog/2019/castmatescalendargirls,,Possibly an old show — needs review
old show/news,/blog/2019/castmatesdollshouse,,Possibly an old show — needs review
old show/news,/blog/2019/castmatesdollshouse-5mj7x,,Possibly an old show — needs review
old show/news,/blog/2019/castmatesgypsy,,Possibly an old show — needs review
old show/news,/blog/2019/castmatesgypsy-lalkt,,Possibly an old show — needs review
old show/news,/blog/2019/castmatesjcs,,Possibly an old show — needs review
old show/news,/blog/2019/castmateslaura,,Possibly an old show — needs review
old show/news,/blog/2019/castmatesmice,,Possibly an old show — needs review
old show/news,/blog/2019/castmatessep25,,Possibly an old show — needs review
old show/news,/blog/2019/castmatessep25-prpec,,Possibly an old show — needs review
old show/news,/blog/2019/castmatesvanya,,Possibly an old show — needs review
old show/news,/blog/2019/castmatesvanya-z6797,,Possibly an old show — needs review
old show/news,/blog/2019/castmatesvanya-z6797-yd4xh,,Possibly an old show — needs review
old show/news,/blog/2019/fotoloose,,Possibly an old show — needs review
old show/news,/blog/2019/foulplay,,Possibly an old show — needs review
old show/news,/blog/2019/fuddy,,Possibly an old show — needs review
old show/news,/blog/2019/fuddy-dha7r,,Possibly an old show — needs review
old show/news,/blog/2019/grittyapril,,Possibly an old show — needs review
old show/news,/blog/2019/grittyprivate,,Possibly an old show — needs review
old show/news,/blog/2019/horsin,,Possibly an old show — needs review
old show/news,/blog/2019/inclement-weather-information,,Possibly an old show — needs review
old show/news,/blog/2019/inclement-weather-information-xpp5l,,Possibly an old show — needs review
old show/news,/blog/2019/jedi,,Possibly an old show — needs review
old show/news,/blog/2019/laramie10,,Possibly an old show — needs review
old show/news,/blog/2019/marypoppins,,Possibly an old show — needs review
old show/news,/blog/2019/muhgrog,,Possibly an old show — needs review
old show/news,/blog/2019/muhgrog-t3kr3,,Possibly an old show — needs review
old show/news,/blog/2019/muhgrog157158,,Possibly an old show — needs review
old show/news,/blog/2019/muhgrog157158-fjne9,,Possibly an old show — needs review
old show/news,/blog/2019/muhgrogvirtual,,Possibly an old show — needs review
old show/news,/blog/2019/murdermystery2024,,Possibly an old show — needs review
old show/news,/blog/2019/murdermystery2024-77bfe,,Possibly an old show — needs review
old show/news,/blog/2019/pillowmanfestival,,Possibly an old show — needs review
old show/news,/blog/2019/pillowmannationals,,Possibly an old show — needs review
old show/news,/blog/2019/qawithtlt,,Possibly an old show — needs review
old show/news,/blog/2019/qawithtlt-84f9e,,Possibly an old show — needs review
old show/news,/blog/2019/robinhood,,Possibly an old show — needs review
old show/news,/blog/2019/season101,,Possibly an old show — needs review
old show/news,/blog/2019/spacies,,Possibly an old show — needs review
old show/news,/blog/2019/spacies-4kzgl,,Possibly an old show — needs review
old show/news,/blog/2019/springeducation-kndsr,,Possibly an old show — needs review
old show/news,/blog/2019/stayhomeadultmono,,Possibly an old show — needs review
old show/news,/blog/2019/stayhomemonologues,,Possibly an old show — needs review
old show/news,/blog/2019/stayhomemonologues-hentd,,Possibly an old show — needs review
old show/news,/blog/2019/stayhometap,,Possibly an old show — needs review
old show/news,/blog/2019/summerfootloose,,Possibly an old show — needs review
old show/news,/blog/2019/tacomacreates,,Possibly an old show — needs review
old show/news,/blog/2019/wintered,,Possibly an old show — needs review
old show/news,/blog/2019/wsctaboard,,Possibly an old show — needs review
old show/news,/blog/2020/catmates2021,,Possibly an old show — needs review
old show/news,/blog/2020/falladult,,Possibly an old show — needs review
old show/news,/blog/2020/falladult-9ygrj,,Possibly an old show — needs review
old show/news,/blog/2020/falladult-c2zcp,,Possibly an old show — needs review
old show/news,/blog/2020/falladult-c2zcp-kpdjh,,Possibly an old show — needs review
old show/news,/blog/2020/finalassignment,,Possibly an old show — needs review
old show/news,/blog/2020/finalassignment-r74ht,,Possibly an old show — needs review
old show/news,/blog/2020/minidoka,,Possibly an old show — needs review
old show/news,/blog/2020/minidoka-7wetl,,Possibly an old show — needs review
old show/news,/blog/2020/minidoka-tyjt6,,Possibly an old show — needs review
old show/news,/blog/2020/skin,,Possibly an old show — needs review
old show/news,/blog/2020/skin-nemtj,,Possibly an old show — needs review
old show/news,/blog/2020/summersupernews,,Possibly an old show — needs review
old show/news,/blog/2020/summerweek1,,Possibly an old show — needs review
old show/news,/blog/2020/summerweek2,,Possibly an old show — needs review
old show/news,/blog/2020/summerweek4,,Possibly an old show — needs review
old show/news,/blog/2020/summerweek5,,Possibly an old show — needs review
old show/news,/blog/2020/summerweek6,,Possibly an old show — needs review
old show/news,/blog/2020/summerweek6-en8yw,,Possibly an old show — needs review
old show/news,/blog/2020/summerweek8,,Possibly an old show — needs review
old show/news,/blog/2021/ballinger,,Possibly an old show — needs review
old show/news,/blog/2021/clausell,,Possibly an old show — needs review
old show/news,/blog/2021/falled,,Possibly an old show — needs review
old show/news,/blog/2021/falled-lc9tl,,Possibly an old show — needs review
old show/news,/blog/2021/hayes,,Possibly an old show — needs review
old show/news,/blog/2021/kremer,,Possibly an old show — needs review
old show/news,/blog/2021/now-hiring-education-director,,Possibly an old show — needs review
old show/news,/blog/2021/now-hiring-education-director-eyg5f,,Possibly an old show — needs review
old show/news,/blog/2021/now-hiring-education-director-eyg5f-wwwl7,,Possibly an old show — needs review
old show/news,/blog/2021/russell,,Possibly an old show — needs review
old show/news,/blog/2021/russell-5tgd7,,Possibly an old show — needs review
old show/news,/blog/2021/russell-5tgd7-fbr6k,,Possibly an old show — needs review
old show/news,/blog/2021/russell-5tgd7-smmxm,,Possibly an old show — needs review
old show/news,/blog/2021/russell-wgwef,,Possibly an old show — needs review
old show/news,/blog/2021/springbreak,,Possibly an old show — needs review
old show/news,/blog/2021/summerallages,,Possibly an old show — needs review
old show/news,/blog/2021/tlt-wins-national-award,,Possibly an old show — needs review
old show/news,/blog/2021/valenzuela,,Possibly an old show — needs review
season tickets,/blog/2016/98th-season-tickets,,Season ticket page — replace with new
special event,/blog/2022/kaleidoscope-page,,Past special event — keep selectively
special event,/blog/kaleidoscope-registration,,Past special event — keep selectively
uncategorized,/blog/2020postponed,,Needs manual review
uncategorized,/blog/2022/offshelf1,,Needs manual review
uncategorized,/blog/2022/offshelf1-7wyr7,,Needs manual review
uncategorized,/blog/2022/offshelf1-7wyr7-f8j4h,,Needs manual review
uncategorized,/blog/2022/offshelf1-7wyr7-f8j4h-f4k43,,Needs manual review
uncategorized,/blog/2022/ots2,,Needs manual review
uncategorized,/blog/2022/scholarship-application,,Needs manual review
uncategorized,/blog/2022/season-2020-2021,,Needs manual review
uncategorized,/blog/2022/spring-education-2022,,Needs manual review
uncategorized,/blog/2022/spring-education-2022-bgrgt,,Needs manual review
uncategorized,/blog/2022/spring-education-2022-bgrgt-267bt,,Needs manual review
uncategorized,/blog/2022/spring-education-2022-bgrgt-267bt-xse3d,,Needs manual review
uncategorized,/blog/2022/spring-education-2022-bgrgt-267bt-xse3d-sgdlr,,Needs manual review
uncategorized,/blog/2022/spring-education-2022-bgrgt-267bt-xse3d-sgdlr-ajmyl,,Needs manual review
uncategorized,/blog/2022/spring-education-2022-bgrgt-267bt-xse3d-sgdlr-ajmyl-s5bfx,,Needs manual review
uncategorized,/blog/2022/winter-break-2022-a-year-with-frog-and-toad,,Needs manual review
uncategorized,/blog/2025/grab-dinner-at-harbor-lights,,Needs manual review
uncategorized,/blog/2025/knockemdead,,Needs manual review
uncategorized,/blog/2025/revenge,,Needs manual review
uncategorized,/blog/2025/revenge-s2keg,,Needs manual review
uncategorized,/blog/2122/offtheshelfboudica,,Needs manual review
uncategorized,/blog/asyou,,Needs manual review
uncategorized,/blog/donationrequest,,Needs manual review
uncategorized,/blog/hadesteen,,Needs manual review
uncategorized,/blog/merchandise,,Needs manual review
uncategorized,/blog/monique,,Needs manual review
uncategorized,/blog/summer24,,Needs manual review
uncategorized,/blog/summer24-g2226,,Needs manual review
uncategorized,/blog/tag/1918-1930,,Needs manual review
uncategorized,/blog/tag/1930-1940,,Needs manual review
uncategorized,/blog/tag/1940-1950,,Needs manual review
uncategorized,/blog/tag/1950-1960,,Needs manual review
uncategorized,/blog/tag/1960-1970,,Needs manual review
uncategorized,/blog/tag/1970-1980,,Needs manual review
uncategorized,/blog/tag/1980-1990,,Needs manual review
uncategorized,/blog/tag/1990-2000,,Needs manual review
uncategorized,/blog/tag/2000-2010,,Needs manual review
uncategorized,/blog/tag/2010-2011,,Needs manual review
uncategorized,/blog/tag/2010-2020,,Needs manual review
uncategorized,/blog/tag/2011-2012,,Needs manual review
uncategorized,/blog/tag/2012-2013,,Needs manual review
uncategorized,/blog/tag/2013-2014,,Needs manual review
uncategorized,/blog/tag/2014-2015,,Needs manual review
uncategorized,/blog/tag/2015-2016,,Needs manual review
uncategorized,/blog/tag/2016-2017,,Needs manual review
uncategorized,/blog/tag/2017-2018,,Needs manual review
uncategorized,/blog/tag/2018-2019,,Needs manual review
uncategorized,/blog/tag/2019-2020,,Needs manual review
uncategorized,/blog/tag/2020-2021,,Needs manual review
uncategorized,/blog/tag/2021-2022,,Needs manual review
uncategorized,/blog/tag/2022-2023,,Needs manual review
uncategorized,/blog/tag/2023-2024,,Needs manual review
uncategorized,/blog/tag/2024-2025,,Needs manual review
uncategorized,/blog/tag/2025-2026,,Needs manual review
uncategorized,/blog/tag/Caberet1415,,Needs manual review
uncategorized,/blog/tag/ChristmasStory1516,,Needs manual review
uncategorized,/blog/tag/City+Line,,Needs manual review
uncategorized,/blog/tag/Donation+Request,,Needs manual review
uncategorized,/blog/tag/Second+Samuel+1516,,Needs manual review
uncategorized,/blog/tag/SmokeyJoesCafe1516,,Needs manual review
uncategorized,/blog/teagan,,Needs manual review
