kind,inbound_count,url,inbound_sample
core/index,0,/cover,
core/index,591,/clubtlt,auditions.html | blog__2015__1918-1930.html | blog__2015__1930-1940.html
core/index,591,/auditions,auditions.html | blog__2015__1918-1930.html | blog__2015__1930-1940.html
core/index,591,/recorded-programs,auditions.html | blog__2015__1918-1930.html | blog__2015__1930-1940.html
core/index,591,/contact,auditions.html | blog__2015__1918-1930.html | blog__2015__1930-1940.html
core/index,591,/blog,auditions.html | blog__2015__1918-1930.html | blog__2015__1930-1940.html
core/index,591,/parking-information,auditions.html | blog__2015__1918-1930.html | blog__2015__1930-1940.html
core/index,591,/press,auditions.html | blog__2015__1918-1930.html | blog__2015__1930-1940.html
core/index,591,/board-and-staff,auditions.html | blog__2015__1918-1930.html | blog__2015__1930-1940.html
core/index,591,/flush,auditions.html | blog__2015__1918-1930.html | blog__2015__1930-1940.html
core/index,591,/history,auditions.html | blog__2015__1918-1930.html | blog__2015__1930-1940.html
core/index,591,/education,auditions.html | blog__2015__1918-1930.html | blog__2015__1930-1940.html
core/index,591,/job-openings,auditions.html | blog__2015__1918-1930.html | blog__2015__1930-1940.html
core/index,591,/off-the-shelf,auditions.html | blog__2015__1918-1930.html | blog__2015__1930-1940.html
core/index,591,/students-on-stage,auditions.html | blog__2015__1918-1930.html | blog__2015__1930-1940.html
core/index,591,/volunteer,auditions.html | blog__2015__1918-1930.html | blog__2015__1930-1940.html
core/index,591,/ticketinfo,auditions.html | blog__2015__1918-1930.html | blog__2015__1930-1940.html
core/index,593,/home,auditions.html | blog__2015__1918-1930.html | blog__2015__1930-1940.html
modern show,3,/blog/20222023/significantaudition-rrpga,blog__20222023__significantaudition-rrpga.html | blog__20242025__murdermerlot.html | blog__2025__grab-dinner-at-harbor-lights.html
modern show,3,/blog/20252026/davinciaudition-fd3g3-msre8,blog__2018__sexiest-9glhh.html | blog__2022__steelcovid.html | blog__20252026__davinciaudition-fd3g3-msre8.html
modern show,3,/blog/20222023/lion-br6d8,blog__20222023__lion-br6d8.html | blog__20222023__lion.html | blog__20222023__xmasauditions.html
modern show,3,/blog/20222023/lion-br6d8-984h5-czra9,blog__20222023__lion-br6d8-984h5-czra9.html | blog__20232024__audmisery.html | blog__merchandise.html
modern show,3,/blog/20232024/findingnemokids-g3njx,blog__2018__shipwrecked.html | blog__20232024__deltaauditions.html | blog__20232024__findingnemokids-g3njx.html
modern show,3,/blog/20242025/murdermerlot,blog__20222023__significantaudition-rrpga.html | blog__2022__spring-education-2022-bgrgt-267bt-xse3d.html | blog__20242025__murdermerlot.html
modern show,3,/blog/20232024/danceharry,blog__2019__inclement-weather-information-xpp5l.html | blog__20232024__danceharry.html | blog__20252026__springawakeningaudition.html
modern show,3,/blog/20232024/audmisery,blog__2021__russell-wgwef.html | blog__20222023__lion-br6d8-984h5-czra9.html | blog__20232024__audmisery.html
modern show,3,/blog/20252026/bedauditions,blog__2022__steelcovid.html | blog__20252026__bedauditions.html | blog__20252026__otsmetamorphoses.html
modern show,3,/blog/20212022/seasontix,blog__2015__amazon-smile.html | blog__2015__beauty-and-the-beast-jr-performances.html | blog__20212022__seasontix.html
modern show,3,/blog/20222023/wintercamp,blog__20222023__significantaudition.html | blog__20222023__wintercamp.html | blog__2022__spring-education-2022-bgrgt-267bt.html
modern show,3,/blog/20222023/steelaud,blog__20212022__cryitout.html | blog__20222023__seasontix.html | blog__20222023__steelaud.html
modern show,3,/blog/20222023/lion-br6d8-984h5-czra9-z26wf,blog__2019__murdermystery2024-77bfe.html | blog__20222023__lion-br6d8-984h5-czra9-z26wf.html | blog__20232024__fiddlerauditions-nrpky-twrnx.html
modern show,3,/blog/20232024/wrong-gfw6d,blog__20212022__covidprotocols-j2l2r.html | blog__20232024__fiddlerauditions-nrpky.html | blog__20232024__wrong-gfw6d.html
modern show,3,/blog/20222023/poboyaud,blog__20212022__covidprotocols.html | blog__20222023__poboyaud.html | blog__2022__ots2.html
modern show,3,/blog/20182019/sophie,blog__20182019__sophie.html | blog__2018__calendarauditions.html | blog__2019__muhgrog-t3kr3.html
modern show,3,/blog/20212022/auditionsclue,blog__2019__summercamppoppins-rpwsh-dkt88.html | blog__20212022__auditionsclue.html | blog__2022__spring-education-2022.html
modern show,3,/blog/20242025/dog,blog__2018__offtheshelfempire.html | blog__20232024__audmaine.html | blog__20242025__dog.html
modern show,3,/blog/20232024/audmisery-4479k,blog__20222023__murder.html | blog__20222023__xmasstory.html | blog__20232024__audmisery-4479k.html
modern show,3,/blog/20252026/sottoaud,blog__2022annualfund.html | blog__20252026__otsmetamorphoses.html | blog__20252026__sottoaud.html
modern show,3,/blog/20252026/otshijinx,blog__2018__sexiest.html | blog__20242025__oneman-4w9jr-89y5p.html | blog__20252026__otshijinx.html
modern show,3,/blog/20222023/xmasauditions,blog__20222023__lion-br6d8.html | blog__20222023__xmasauditions.html | blog__2022__spring-education-2022-bgrgt.html
modern show,3,/blog/20222023/lion,blog__20222023__lion-br6d8.html | blog__20222023__lion.html | blog__2022__season-2020-2021.html
modern show,3,/blog/20252026/otsmetamorphoses,blog__20252026__bedauditions.html | blog__20252026__otsmetamorphoses.html | blog__20252026__sottoaud.html
modern show,3,/blog/20212022/covidprotocols,blog__20212022__covidprotocols.html | blog__20222023__poboyaud.html | blog__2022__winter-break-2022-a-year-with-frog-and-toad.html
modern show,3,/blog/20232024/fiddlerauditions-nf9gf,blog__2022__spring-education-2022-bgrgt-267bt-xse3d-sgdlr-ajmyl.html | blog__20232024__audmaine.html | blog__20232024__fiddlerauditions-nf9gf.html
modern show,3,/blog/20232024/fiddlerauditions-nrpky-pxjk7,blog__2019__inclement-weather-information.html | blog__20232024__fiddlerauditions-nrpky-pxjk7.html | blog__fiddlerjr.html
modern show,3,/blog/20212022/auditionsoz-bpk42,blog__20212022__auditionsoz-bpk42.html | blog__20212022__auditionssky-jxcgy.html | blog__20212022__theguys.html
modern show,3,/blog/20232024/fiddlerauditions,blog__20212022__covidprotocols-j2l2r.html | blog__20232024__fiddlerauditions.html | blog__summer24.html
modern show,3,/blog/20232024/fiddlerauditions-nrpky-twrnx,blog__20222023__lion-br6d8-984h5-czra9-z26wf.html | blog__20222023__shawshank.html | blog__20232024__fiddlerauditions-nrpky-twrnx.html
modern show,3,/blog/20212022/alltogetheraud,blog__2020__catmates2021.html | blog__2020__skin-nemtj.html | blog__20212022__alltogetheraud.html
modern show,3,/blog/20222023/significantaudition-r2zm9,blog__20222023__significantaudition-r2zm9.html | blog__2022__offshelf1-7wyr7.html | blog__2023__spring-break-camp-2023-skills-break-camp.html
modern show,3,/blog/20212022/seasontickets,blog__20212022__cryitout.html | blog__20212022__june19.html | blog__20212022__seasontickets.html
modern show,3,/blog/20242025/oneman-4w9jr-89y5p,blog__20242025__oneman-4w9jr-89y5p.html | blog__20252026__otshijinx.html | blog__20252026__springawakeningaudition.html
modern show,3,/blog/20212022/auditionssky,blog__2020__skin-nemtj.html | blog__20212022__auditionssky.html | blog__2021__summercamp.html
modern show,3,/blog/20232024/audmisery-4479k-ftkay-eg24m,blog__2018__offtheshelfrevolution-6xwxa-24bb7.html | blog__2019__murdermystery2024.html | blog__20232024__audmisery-4479k-ftkay-eg24m.html
modern show,3,/blog/20212022/alltogethernow,blog__20212022__alltogethernow.html | blog__20212022__june19.html | blog__2022__spring-education-2022.html
modern show,3,/blog/20212022/corndog,blog__20212022__corndog.html | blog__2021__falled.html | blog__2021__now-hiring-education-director.html
modern show,3,/blog/20252026/springawakeningaudition-gxgle,blog__2021__now-hiring-education-director-eyg5f-wwwl7.html | blog__20252026__productionteam.html | blog__20252026__springawakeningaudition-gxgle.html
modern show,3,/blog/20212022/auditionsoz,blog__2018__offtheshelfrevolution-7lpkw-eydma-tfp5d-j22jm.html | blog__20212022__auditionsoz.html | blog__2021__falled-lc9tl.html
modern show,3,/blog/20252026/springawakeningaudition,blog__20232024__danceharry.html | blog__20242025__oneman-4w9jr-89y5p.html | blog__20252026__springawakeningaudition.html
modern show,3,/blog/20252026/davinciaudition,blog__20252026__bedroom.html | blog__20252026__davinciaudition.html | blog__summer24-g2226.html
modern show,3,/blog/20232024/guvnor,blog__2018__shipwrecked-3ywjl.html | blog__2018__shipwrecked.html | blog__20232024__guvnor.html
modern show,3,/blog/20252026/davinciaudition-fd3g3,blog__20252026__davinci.html | blog__20252026__davinciaudition-fd3g3.html | blog__asyou.html
modern show,3,/blog/20232024/deltaauditions,blog__2018__offtheshelfempire.html | blog__20232024__deltaauditions.html | blog__20232024__findingnemokids-g3njx.html
modern show,3,/blog/20212022/june19,blog__20212022__alltogethernow.html | blog__20212022__june19.html | blog__20212022__seasontickets.html
modern show,3,/blog/20232024/audmisery-4479k-ftkay,blog__2019__summercamppoppins-rpwsh-6pgye.html | blog__20222023__steel.html | blog__20232024__audmisery-4479k-ftkay.html
modern show,3,/blog/20232024/fiddlerauditions-nrpky,blog__20232024__fiddlerauditions-nrpky.html | blog__20232024__wrong-gfw6d.html | blog__2025__revenge.html
modern show,3,/blog/20232024/rudolphjr,blog__2022__spring-education-2022-bgrgt-267bt-xse3d-sgdlr-ajmyl.html | blog__2022annualfund-gf5fk.html | blog__20232024__rudolphjr.html
modern show,3,/blog/20222023/significantaudition,blog__20222023__rockauditions.html | blog__20222023__significantaudition.html | blog__20222023__wintercamp.html
modern show,3,/blog/20222023/rockauditions,blog__20222023__rockauditions.html | blog__20222023__significantaudition.html | blog__2022__winter-break-2022-a-year-with-frog-and-toad.html
modern show,3,/blog/20252026/directors,blog__2021__now-hiring-education-director-eyg5f.html | blog__20222023__lion-br6d8-984h5.html | blog__20252026__directors.html
modern show,3,/blog/20222023/lion-br6d8-984h5,blog__20222023__lion-br6d8-984h5.html | blog__20232024__springclasses2024-g3njx-fmnt9-ddk2.html | blog__20252026__directors.html
modern show,3,/blog/20212022/auditionssky-jxcgy,blog__2018__offtheshelfrevolution-7lpkw-eydma-tfp5d-j22jm.html | blog__20212022__auditionsoz-bpk42.html | blog__20212022__auditionssky-jxcgy.html
modern show,3,/blog/20222023/steelaud-8al6z,blog__2020__minidoka.html | blog__2021__tlt-wins-national-award.html | blog__20222023__steelaud-8al6z.html
modern show,3,/blog/20232024/springclasses2024-g3njx-fmnt9-ddk2,blog__2021__now-hiring-education-director-eyg5f-wwwl7.html | blog__20222023__lion-br6d8-984h5.html | blog__20232024__springclasses2024-g3njx-fmnt9-ddk2.html
modern show,3,/blog/20232024/mouseauditions,blog__20232024__mouseauditions.html | blog__20242025__oneman.html | blog__summer24.html
modern show,3,/blog/20242025/oneman-4w9jr,blog__20242025__curious.html | blog__20242025__fiddler.html | blog__20242025__oneman-4w9jr.html
modern show,3,/blog/20212022/covidprotocols-j2l2r,blog__20212022__covidprotocols-j2l2r.html | blog__20232024__fiddlerauditions.html | blog__20232024__wrong-gfw6d.html
modern show,3,/blog/20232024/audmaine,blog__20232024__audmaine.html | blog__20232024__fiddlerauditions-nf9gf.html | blog__20242025__dog.html
modern show,4,/blog/20222023/murder,blog__20222023__murder.html | blog__20222023__steel.html | blog__20232024__audmisery-4479k.html
modern show,4,/blog/20242025/bug,blog__20242025__bug.html | blog__20242025__curious-y7xjc.html | blog__20242025__rocky.html
modern show,4,/blog/20212022/clue,blog__20212022__clue-rhe7l.html | blog__20212022__clue.html | blog__20212022__terms.html
modern show,4,/blog/20232024/misery,blog__20232024__misery.html | blog__20232024__rudolph.html | blog__20232024__wrong.html
modern show,4,/blog/20182019/scrooge,blog__20182019__bellbookcandle.html | blog__20182019__dollshouse.html | blog__20182019__scrooge.html
modern show,4,/blog/20182019/foreigner,blog__20182019__bellbookcandle.html | blog__20182019__foreigner.html | blog__2018__mulanjr-hh87h.html
modern show,4,/blog/20212022/clue-633y7,blog__20212022__clue-633y7.html | blog__20212022__clue-anzln-g52ct.html | blog__20212022__clue-rhe7l.html
modern show,4,/blog/20242025/rocky,blog__20232024__wrong.html | blog__20242025__bug.html | blog__20242025__rocky.html
modern show,4,/blog/20232024/rent,blog__20232024__dollshouse2.html | blog__20232024__rent.html | blog__board__em.html
modern show,4,/blog/20192020/shattering,blog__20192020__chorusline.html | blog__20192020__holmes-gaf4k.html | blog__20192020__shattering.html
modern show,4,/blog/20192020/holmes,blog__20192020__holmes-gaf4k.html | blog__20192020__holmes.html | blog__2019__blm.html
modern show,4,/blog/20182019/laura,blog__20182019__hayfever.html | blog__20182019__laura.html | blog__20182019__nightmusic.html
modern show,4,/blog/20212022/clue-rhe7l,blog__20212022__clue-633y7.html | blog__20212022__clue-rhe7l.html | blog__20212022__clue.html
modern show,4,/blog/20192020/evildead,blog__20192020__calendargirls.html | blog__20192020__evildead.html | blog__2019__choruslineaudition.html
modern show,4,/blog/20252026/davinci,blog__20252026__davinci.html | blog__20252026__davinciaudition-fd3g3.html | blog__20252026__matilda.html
modern show,4,/blog/20182019/nightmusic,blog__20182019__dollshouse.html | blog__20182019__laura.html | blog__20182019__nightmusic.html
modern show,4,/blog/20192020/chorusline-fnlh3-akhpz,blog__20192020__chorusline-fnlh3-akhpz.html | blog__20192020__chorusline-fnlh3.html | blog__2020__summersupernews.html
modern show,4,/blog/20232024/mississippi,blog__2018__montreal.html | blog__20232024__almostmaine.html | blog__20232024__mississippi.html
modern show,4,/blog/20192020/calendargirls,blog__2015__martin.html | blog__20192020__calendargirls.html | blog__20192020__evildead.html
modern show,4,/blog/20182019/bellbookcandle,blog__20182019__bellbookcandle.html | blog__20182019__foreigner.html | blog__20182019__scrooge.html
modern show,4,/blog/20212022/cryitout,blog__20212022__cryitout.html | blog__20212022__seasontickets.html | blog__20222023__steelaud.html
modern show,4,/blog/20192020/chorusline-fnlh3,blog__20192020__chorusline-fnlh3-akhpz.html | blog__20192020__chorusline-fnlh3.html | blog__20192020__chorusline.html
modern show,4,/blog/20242025/curious,blog__20242025__curious-y7xjc.html | blog__20242025__curious.html | blog__20242025__oneman-4w9jr.html
modern show,4,/blog/20252026/timemachine,blog__20252026__matilda.html | blog__20252026__spring.html | blog__20252026__timemachine.html
modern show,4,/blog/20222023/xmasstory,blog__20222023__poboy.html | blog__20222023__xmasstory.html | blog__20232024__audmisery-4479k.html
modern show,4,/blog/20252026/spring,blog__20252026__spring-bpb9w.html | blog__20252026__spring.html | blog__20252026__timemachine.html
modern show,4,/blog/20252026/bedroom,blog__20252026__bedroom.html | blog__20252026__davinciaudition.html | blog__20252026__sotto.html
modern show,4,/blog/20252026/matilda,blog__20252026__davinci.html | blog__20252026__matilda.html | blog__20252026__timemachine.html
modern show,4,/blog/20222023/steel,blog__20222023__murder.html | blog__20222023__steel.html | blog__20232024__audmisery-4479k-ftkay.html
modern show,4,/blog/20212022/clue-anzln,blog__20212022__clue-anzln-g52ct-dwpf6.html | blog__20212022__clue-anzln.html | blog__kaleidoscope-registration.html
modern show,4,/blog/20242025/oneman,blog__20232024__mouseauditions.html | blog__20242025__mousetrap.html | blog__20242025__oneman.html
modern show,4,/blog/20192020/holmes-gaf4k,blog__20192020__holmes-gaf4k.html | blog__20192020__holmes.html | blog__20192020__shattering.html
modern show,4,/blog/20212022/clue-anzln-g52ct,blog__20212022__clue-633y7.html | blog__20212022__clue-anzln-g52ct.html | blog__2021__russell.html
modern show,4,/blog/20222023/poboy,blog__20222023__poboy.html | blog__20222023__rock.html | blog__20222023__xmasstory.html
modern show,4,/blog/20232024/wrong,blog__20232024__misery.html | blog__20232024__wrong.html | blog__20242025__rocky.html
modern show,4,/blog/20212022/clue-anzln-g52ct-dwpf6,blog__20212022__clue-anzln-g52ct-dwpf6.html | blog__20212022__clue-anzln.html | blog__2021__ballinger.html
modern show,4,/blog/20242025/mousetrap,blog__20242025__fiddler.html | blog__20242025__mousetrap.html | blog__20242025__oneman.html
modern show,4,/blog/20212022/terms,blog__20212022__clue.html | blog__20212022__terms.html | blog__2022__offshelf1.html
modern show,4,/blog/20182019/hayfever,blog__20182019__hayfever.html | blog__20182019__laura.html | blog__2019__grittyapril.html
modern show,4,/blog/20252026/sotto,blog__20252026__bedroom.html | blog__20252026__sotto.html | blog__20252026__spring-bpb9w.html
modern show,4,/blog/20182019/dollshouse,blog__20182019__dollshouse.html | blog__20182019__nightmusic.html | blog__20182019__scrooge.html
modern show,4,/blog/20222023/rock,blog__20222023__poboy.html | blog__20222023__rock.html | blog__20222023__significant.html
modern show,4,/blog/20192020/chorusline,blog__20192020__chorusline-fnlh3.html | blog__20192020__chorusline.html | blog__20192020__shattering.html
modern show,4,/blog/20242025/fiddler,blog__20242025__fiddler.html | blog__20242025__mousetrap.html | blog__20242025__oneman-4w9jr.html
modern show,4,/blog/20232024/almostmaine,blog__20232024__almostmaine.html | blog__20232024__mississippi.html | blog__board__trevor.html
modern show,4,/blog/20222023/significant,blog__20222023__rock.html | blog__20222023__significant.html | blog__2022__spring-education-2022-bgrgt-267bt-xse3d-sgdlr.html
modern show,4,/blog/20222023/shawshank,blog__20222023__shawshank.html | blog__2022__spring-education-2022-bgrgt-267bt-xse3d-sgdlr.html | blog__20232024__fiddlerauditions-nrpky-twrnx.html
modern show,4,/blog/20232024/dollshouse2,blog__20232024__dollshouse2.html | blog__20232024__rent.html | blog__20232024__rudolph.html
modern show,4,/blog/20212022/theguys,blog__20212022__auditionsoz-bpk42.html | blog__20212022__theguys.html | blog__2122__offtheshelfboudica.html
modern show,4,/blog/20232024/rudolph,blog__20232024__dollshouse2.html | blog__20232024__misery.html | blog__20232024__rudolph.html
modern show,4,/blog/20242025/curious-y7xjc,blog__20242025__bug.html | blog__20242025__curious-y7xjc.html | blog__20242025__curious.html
modern show,7,/blog/20252026/spring-bpb9w,blog__20252026__sotto.html | blog__20252026__spring-bpb9w.html | blog__20252026__spring.html
modern show,7,/blog/20252026/summercamp,blog__2022__spring-education-2022-bgrgt-267bt-xse3d-sgdlr-ajmyl-s5bfx.html | blog__20252026__summercamp.html | blog__2025__revenge.html
modern show,7,/blog/20252026/productionteam,blog__2018__montreal.html | blog__20252026__productionteam.html | blog__20252026__springawakeningaudition-gxgle.html
modern show,8,/blog/20252026/springclass,blog__2018__sexiest.html | blog__20252026__springclass.html | blog__2025__revenge-s2keg.html
modern show,591,/blog/20222023/seasontix,auditions.html | blog__2015__1918-1930.html | blog__2015__1930-1940.html
other blog,0,/blog/category/98th+Season,
other blog,0,/blog/category/Auditions,
other blog,0,/blog/category/Sticky,
other blog,2,/blog/category/DEI,blog__2019__blm.html | blog__category__DEI.html
other blog,2,/blog/2022/kaleidoscope-page,blog__2019__murdermystery2024.html | blog__2025__knockemdead.html
other blog,2,/blog/25fallclasses-2kptp,blog__25fallclasses-2kptp.html | blog__springawakeningauditioninfo.html
other blog,2,/blog/tag/Donation+Request,blog__donationrequest.html | blog__tag__Donation+Request.html
other blog,2,/blog/category/Press,blog__2021__tlt-wins-national-award.html | blog__category__Press.html
other blog,2,/blog/tag/2020-2021,blog__2022__season-2020-2021.html | blog__tag__2020-2021.html
other blog,2,/blog/2015/education-program,blog__2015__the-last-night-of-ballyhoo-auditions.html | blog__2017__auditions-for-lesser-god.html
other blog,3,/blog/2018/offtheshelfrevolution-7lpkw,blog__2018__offtheshelfrevolution-7lpkw.html | blog__2018__springeducation-73prh-t9ly4-645bw-x768b.html | blog__2019__summercamppoppins.html
other blog,3,/blog/2019/choruslineaudition,blog__20192020__evildead.html | blog__2019__blm.html | blog__2019__choruslineaudition.html
other blog,3,/blog/2016/after-school-tlt-dracula-elpss,blog__2016__after-school-tlt-dracula-elpss.html | blog__2017__agentandtheactor.html | blog__2018__springeducation.html
other blog,3,/blog/2020/minidoka-tyjt6,blog__2020__minidoka-7wetl.html | blog__2020__minidoka-tyjt6.html | blog__2020__skin.html
other blog,3,/blog/2018/springeducation-73prh-t9ly4-645bw-jww8t,blog__2017__jennyhubbard.html | blog__2018__springeducation-73prh-t9ly4-645bw-jww8t.html | blog__2018__springeducation-73prh-t9ly4-645bw-x768b-9rkry.html
other blog,3,/blog/2017/auditions-for-jcs,blog__2016__98th-season-opening-gala-and-silent-auction.html | blog__2016__three-one-acts-lemonade-the-cat-connection-second-chance.html | blog__2017__auditions-for-jcs.html
other blog,3,/blog/2015/jeanette,blog__2015__jeanette.html | blog__2015__martin.html | blog__2015__tania.html
other blog,3,/blog/2022/offshelf1-7wyr7,blog__2016__fools-play-improv-at-tlt-gwn7e.html | blog__20222023__significantaudition-r2zm9.html | blog__2022__offshelf1-7wyr7.html
other blog,3,/blog/2016/gritty-city-sirens,blog__2015__smokey-joes-cafe.html | blog__2016__birds-from-the-thicket.html | blog__2016__gritty-city-sirens.html
other blog,3,/blog/2015/second-samuel-auditions,blog__2015__5__11__the-music-man-junior.html | blog__2015__second-samuel-auditions.html | blog__2015__the-legend-of-sleepy-hollow.html
other blog,3,/blog/2019/castmatessep25-prpec,blog__2019__castmatesmice.html | blog__2019__castmatessep25-prpec.html | blog__2019__castmatessep25.html
other blog,3,/blog/hadesteen,blog__board__kay-emp99.html | blog__hadesteen.html | blog__summer24-g2226.html
other blog,3,/blog/2021/summercamp,blog__20212022__auditionssky.html | blog__2021__falled.html | blog__2021__summercamp.html
other blog,3,/blog/2019/castmates,blog__2019__castmates.html | blog__2019__muhgrogvirtual.html | blog__2020__summersupernews.html
other blog,3,/blog/2019/springeducation-kndsr,blog__2018__offtheshelfrevolution-gjkhz.html | blog__2019__springeducation-kndsr.html | blog__2019__summercampseuss.html
other blog,3,/blog/2020/summerweek8,blog__2019__robinhood.html | blog__2020__summerweek6-en8yw.html | blog__2020__summerweek8.html
other blog,3,/blog/2021/hayes,blog__2021__clausell.html | blog__2021__hayes.html | blog__2021__valenzuela.html
other blog,3,/blog/2017/honey-a76cy-3nefp-58mtg,blog__2017__club-tlt-spring-recital.html | blog__2017__honey-a76cy-3nefp-58mtg.html | blog__2017__honey-a76cy-epksn.html
other blog,3,/blog/2015/5/11/97th-season-announced,blog__2015__5__11__97th-season-announced.html | blog__2015__5__11__beauty-and-the-beast-jr.html | blog__2017__annualfunddrive-fpemm.html
other blog,3,/blog/2016/summer-camp-2016-high-school-musical,blog__2016__fools-play-improv-at-tlt.html | blog__2016__summer-camp-2016-aladdin.html | blog__2016__summer-camp-2016-high-school-musical.html
other blog,3,/blog/2015/rabbit-hole-auditions,blog__2015__amazon-smile.html | blog__2015__rabbit-hole-auditions.html | blog__2016__a-day-in-the-death-of-joe.html
other blog,3,/blog/2015/all-the-great-books,blog__2015__all-the-great-books.html | blog__2015__ouroboros-shadow-pictures-presents-the-history-of-waking-up.html | blog__2015__smokey-joes-cafe-auditions.html
other blog,3,/blog/board/em,blog__20232024__rent.html | blog__board__em.html | blog__board__kay.html
other blog,3,/blog/tag/1980-1990,blog__2015__1980-1990.html | blog__category__Historical+Shows.html | blog__tag__1980-1990.html
other blog,3,/blog/2017/the-death-of-dr-pepper-a-murder-mystery-dinner,blog__2017__gritty-city-sirens-present-boobtube-62hcx.html | blog__2017__the-death-of-dr-pepper-a-murder-mystery-dinner.html | blog__2019__summerfootloose.html
other blog,3,/blog/2019/muhgrog157158-fjne9,blog__2019__horsin.html | blog__2019__laramie10.html | blog__2019__muhgrog157158-fjne9.html
other blog,3,/blog/2018/murderbymerlot-xgbbm,blog__2018__lauraauditions-af84x.html | blog__2018__murderbymerlot-xgbbm.html | blog__2018__springeducation-73prh-t9ly4-645bw-x768b.html
other blog,3,/blog/2015/george-mcclure-md,blog__2015__george-mcclure-md.html | blog__2019__castmateslaura.html | blog__2019__jedi.html
other blog,3,/blog/2019/summercamppoppins-tb7p2,blog__2016__365days.html | blog__2017__annualfunddrive.html | blog__2019__summercamppoppins-tb7p2.html
other blog,3,/blog/2016/after-school-tlt-dracula,blog__2016__after-school-tlt-dracula.html | blog__2016__stop-kiss-presented-by-found-space-productions.html | blog__2017__cyrano-de-burger-shack-a-clubtlt-summer-production-frlk2.html
other blog,3,/blog/2019/shatteringauditions-5n88x,blog__2018__murderbymerlot-xgbbm-sk9e2.html | blog__2019__fuddy.html | blog__2019__shatteringauditions-5n88x.html
other blog,3,/blog/2019/qawithtlt,blog__2019__qawithtlt-84f9e.html | blog__2019__qawithtlt.html | blog__2020__summerweek1.html
other blog,3,/blog/2016/city-line-the-last-night-of-ballyhoo,blog__2016__city-line-the-last-night-of-ballyhoo.html | blog__2016__lit-aloud-an-off-the-shelf-event.html | blog__2018__scroogeaudition.html
other blog,3,/blog/tag/1940-1950,blog__2015__1940-1950.html | blog__category__Historical+Shows.html | blog__tag__1940-1950.html
other blog,3,/blog/2019/pillowmannationals,blog__2019__marypoppins.html | blog__2019__pillowmanfestival.html | blog__2019__pillowmannationals.html
other blog,3,/blog/2015/katherine-davis,blog__2015__heidi-walworth-horn.html | blog__2015__katherine-davis.html | blog__2015__oliver-1.html
other blog,3,/blog/2023/spring-break-camp-2023-skills-break-camp,blog__20222023__significantaudition-r2zm9.html | blog__2022__offshelf1-7wyr7-f8j4h.html | blog__2023__spring-break-camp-2023-skills-break-camp.html
other blog,3,/blog/2016/a-benefit-for-orlando,blog__2016__a-benefit-for-orlando.html | blog__2016__aladdin-jr.html | blog__2016__the-underpants-auditions.html
other blog,3,/blog/2021/falled-lc9tl,blog__20212022__auditionsoz.html | blog__2021__falled-lc9tl.html | blog__2021__summerallages.html
other blog,3,/blog/2021/springclasses,blog__2019__castmatesvanya-z6797-yd4xh.html | blog__2021__springbreak.html | blog__2021__springclasses.html
other blog,3,/blog/2018/murderbymerlot-xgbbm-sk9e2,blog__2018__murderbymerlot-xgbbm-sk9e2.html | blog__2018__offtheshelfrevolution-7lpkw-eydma.html | blog__2019__shatteringauditions-5n88x.html
other blog,3,/blog/2017/agentandtheactor,blog__2016__after-school-tlt-dracula-elpss.html | blog__2017__agentandtheactor.html | blog__2019__summerfootloose.html
other blog,3,/blog/2017/honey-a76cy-epksn,blog__2017__honey-a76cy-3nefp-58mtg.html | blog__2017__honey-a76cy-epksn.html | blog__2018__auditions-for-macbeth.html
other blog,3,/blog/2018/springeducation-73prh,blog__2016__three-one-acts-lemonade-the-cat-connection-second-chance.html | blog__2018__muhgrog-hm4j8-7zmbm.html | blog__2018__springeducation-73prh.html
other blog,3,/blog/2018/auditionsbellbookcandle,blog__2017__honey.html | blog__2018__auditionsbellbookcandle.html | blog__2018__auditionsforeigner.html
other blog,3,/blog/2015/the-legend-of-sleepy-hollow,blog__2015__second-samuel-auditions.html | blog__2015__the-legend-of-sleepy-hollow.html | blog__2016__a-day-in-the-death-of-joe.html
other blog,3,/blog/2020/skin-nemtj,blog__2020__skin-nemtj.html | blog__20212022__alltogetheraud.html | blog__20212022__auditionssky.html
other blog,3,/blog/kaleidoscope-registration,blog__20212022__clue-anzln.html | blog__2022__spring-education-2022-bgrgt.html | blog__kaleidoscope-registration.html
other blog,3,/blog/2019/castmatescalendargirls,blog__2019__castmatescalendargirls.html | blog__2020__falladult-9ygrj.html | blog__2020__finalassignment.html
other blog,3,/blog/2022annualfund,blog__2022annualfund.html | blog__20252026__sottoaud.html | blog__board__leah.html
other blog,3,/blog/2019/foulplay,blog__2019__covid19.html | blog__2019__foulplay.html | blog__2019__wsctaboard.html
other blog,3,/blog/2015/c-ellen-peters,blog__2015__c-ellen-peters.html | blog__2015__donna-kundson.html | blog__2015__fred-meyer-community-rewards-helps-tlt.html
other blog,3,/blog/2018/offtheshelfrevolution-7lpkw-eydma,blog__2018__murderbymerlot-xgbbm-sk9e2.html | blog__2018__offtheshelfrevolution-7lpkw-eydma.html | blog__2019__holmesauditions.html
other blog,3,/blog/2015/amazon-smile,blog__2015__amazon-smile.html | blog__2015__rabbit-hole-auditions.html | blog__20212022__seasontix.html
other blog,3,/blog/2017/jennyhubbard,blog__2017__jennyhubbard.html | blog__2018__springeducation-73prh-t9ly4-645bw-jww8t.html | blog__2019__pillowmanfestival.html
other blog,3,/blog/2019/castmatessep25,blog__2019__castmatessep25-prpec.html | blog__2019__castmatessep25.html | blog__2020__finalassignment.html
other blog,3,/blog/2019/inclement-weather-information-xpp5l,blog__2019__inclement-weather-information-xpp5l.html | blog__2022__spring-education-2022-bgrgt-267bt-xse3d-sgdlr-ajmyl-s5bfx.html | blog__20232024__danceharry.html
other blog,3,/blog/2016/high-school-musical,blog__2016__high-school-musical.html | blog__2017__cyrano-de-burger-shack-a-clubtlt-summer-production-frlk2.html | blog__2017__mrs-smith-goes-to-washington.html
other blog,3,/blog/2019/castmates-54bgg,blog__2019__castmates-54bgg.html | blog__2019__gala.html | blog__2020__summerweek6.html
other blog,3,/blog/2020/falladult-9ygrj,blog__2019__castmatescalendargirls.html | blog__2020__falladult-9ygrj.html | blog__2020postponed.html
other blog,3,/blog/2016/like-you-like-it-presented-by-clubtlt,blog__2016__dracula-auditions.html | blog__2016__like-you-like-it-presented-by-clubtlt.html | blog__2017__the-incredible-undersea-trial-of-joseph-p-lawnboy.html
other blog,3,/blog/2016/fools-play-improv-at-tlt-h6azh,blog__2015__lily.html | blog__2016__fools-play-improv-at-tlt-h6azh.html | blog__2017__annualfunddrive-fpemm.html
other blog,3,/blog/2017/annie-katica-green,blog__2017__annie-katica-green.html | blog__2019__gala.html | blog__2020__falladult-c2zcp.html
other blog,3,/blog/2019/holmesauditions-nf2bd,blog__2018__springeducation-73prh-kw3jp.html | blog__2019__holmesauditions-nf2bd.html | blog__2019__holmesauditions.html
other blog,3,/blog/2018/deathbyvalentine,blog__2017__gritty-city-sirens-present-boobtube.html | blog__2018__deathbyvalentine.html | blog__2018__springeducation-73prh-t9ly4.html
other blog,3,/blog/2017/love-loss-and-what-i-wore,blog__2015__boeing-boeing.html | blog__2017__auditions-for-seussical.html | blog__2017__love-loss-and-what-i-wore.html
other blog,3,/blog/merchandise,blog__20222023__lion-br6d8-984h5-czra9.html | blog__2025__grab-dinner-at-harbor-lights.html | blog__merchandise.html
other blog,3,/blog/2015/5/11/the-ceremony-of-innocence,blog__2015__5__11__the-ceremony-of-innocence.html | blog__2015__summer-camp.html | blog__2015__the-buddy-holly-story.html
other blog,3,/blog/2015/jen-niehaus-rivers,blog__2015__2000-2010.html | blog__2015__jen-niehaus-rivers.html | blog__2015__randy-clark.html
other blog,3,/blog/2016/fools-play-improv-at-tlt,blog__2016__fools-play-improv-at-tlt.html | blog__2016__summer-camp-2016-high-school-musical.html | blog__2016__the-scarlett.html
other blog,3,/blog/2016/dracula-auditions,blog__2016__dracula-auditions.html | blog__2016__like-you-like-it-presented-by-clubtlt.html | blog__2018__summercampmulan.html
other blog,3,/blog/2020/minidoka-7wetl,blog__2020__hanukkahauditions.html | blog__2020__minidoka-7wetl.html | blog__2020__minidoka-tyjt6.html
other blog,3,/blog/2022/spring-education-2022-bgrgt-267bt-xse3d-sgdlr,blog__20222023__shawshank.html | blog__20222023__significant.html | blog__2022__spring-education-2022-bgrgt-267bt-xse3d-sgdlr.html
other blog,3,/blog/2018/dollshouseaudition,blog__2017__auditionspillow.html | blog__2018__dollshouseaudition.html | blog__2018__lauraauditions.html
other blog,3,/blog/2015/camp-tlt-winter-2016,blog__2015__camp-tlt-winter-2016.html | blog__2016__after-school-tlt-robin-hood.html | blog__2018__muhgrog-hm4j8.html
other blog,3,/blog/2015/office-manager-373ag-9pnef-aclg5-6l825-l9egj,blog__2015__office-manager-373ag-9pnef-aclg5-6l825-l9egj.html | blog__2015__office-manager-373ag-9pnef-aclg5-6l825.html | blog__teagan.html
other blog,3,/blog/2019/marypoppins,blog__2019__fotoloose.html | blog__2019__marypoppins.html | blog__2019__pillowmannationals.html
other blog,3,/blog/2020/hanukkahauditions,blog__2019__castmatesvanya-z6797.html | blog__2020__hanukkahauditions.html | blog__2020__minidoka-7wetl.html
other blog,3,/blog/2016/a-day-in-the-death-of-joe,blog__2015__rabbit-hole-auditions.html | blog__2015__the-legend-of-sleepy-hollow.html | blog__2016__a-day-in-the-death-of-joe.html
other blog,3,/blog/2017/auditionspillow,blog__2016__parking.html | blog__2017__auditionspillow.html | blog__2018__dollshouseaudition.html
other blog,3,/blog/board/sam,blog__board__kay.html | blog__board__sam.html | blog__board__trevor.html
other blog,3,/blog/2021/springbreak,blog__2020__falladult-c2zcp-kpdjh.html | blog__2021__springbreak.html | blog__2021__springclasses.html
other blog,3,/blog/summer24,blog__20232024__fiddlerauditions.html | blog__20232024__mouseauditions.html | blog__summer24.html
other blog,3,/blog/2019/termsaudition-8fkje,blog__2019__laramie10.html | blog__2019__termsaudition-8fkje.html | blog__2019__wsctaboard.html
other blog,3,/blog/2021/russell-5tgd7-smmxm,blog__2019__murdermystery2024-77bfe.html | blog__2021__russell-5tgd7-fbr6k.html | blog__2021__russell-5tgd7-smmxm.html
other blog,3,/blog/2017/annualfunddrive,blog__2017__annualfunddrive.html | blog__2017__legally-blond-jr.html | blog__2019__summercamppoppins-tb7p2.html
other blog,3,/blog/2019/qawithtlt-84f9e,blog__2019__muhgrogvirtual.html | blog__2019__qawithtlt-84f9e.html | blog__2019__qawithtlt.html
other blog,3,/blog/2020/summerweek6,blog__2019__castmates-54bgg.html | blog__2020__annualfund.html | blog__2020__summerweek6.html
other blog,3,/blog/summer24-g2226,blog__20252026__davinciaudition.html | blog__hadesteen.html | blog__summer24-g2226.html
other blog,3,/blog/2015/the-night-of-the-iguana,blog__2015__97th-season-auditions.html | blog__2015__summer-camp.html | blog__2015__the-night-of-the-iguana.html
other blog,3,/blog/2018/springeducation-73prh-t9ly4-645bw-x768b,blog__2018__murderbymerlot-xgbbm.html | blog__2018__offtheshelfrevolution-7lpkw.html | blog__2018__springeducation-73prh-t9ly4-645bw-x768b.html
other blog,3,/blog/tag/1990-2000,blog__2015__1990-2000.html | blog__category__Historical+Shows.html | blog__tag__1990-2000.html
other blog,3,/blog/2017/honey,blog__2017__honey.html | blog__2017__honeymoon-from-hell.html | blog__2018__auditionsbellbookcandle.html
other blog,3,/blog/2019/castmates-54bgg-ltef7,blog__2015__tania.html | blog__2017__annualfunddrive-4y34r.html | blog__2019__castmates-54bgg-ltef7.html
other blog,3,/blog/2016/the-underpants-auditions,blog__2016__a-benefit-for-orlando.html | blog__2016__a-piece-of-my-heart.html | blog__2016__the-underpants-auditions.html
other blog,3,/blog/2019/summercamppoppins-rpwsh-dkt88,blog__2019__summercamppoppins-rpwsh-dkt88.html | blog__20212022__auditionsclue.html | blog__2022__summercamp.html
other blog,3,/blog/2020/summerweek5,blog__2020__summerweek4.html | blog__2020__summerweek5.html | blog__2020__summerweek6-en8yw.html
other blog,3,/blog/2017/honeymoon-from-hell,blog__2016__offtheshelfbeverly.html | blog__2017__honey.html | blog__2017__honeymoon-from-hell.html
other blog,3,/blog/2015/micheal-ohara,blog__2015__micheal-ohara.html | blog__2015__office-manager-lyb47.html | blog__2015__randy-clark.html
other blog,3,/blog/2018/sexiest-9glhh,blog__2018__sexiest-9glhh.html | blog__20252026__davinciaudition-fd3g3-msre8.html | blog__2025__revenge-s2keg.html
other blog,3,/blog/2019/grittyprivate,blog__2018__springeducation-73prh-t9ly4-645bw-espsf.html | blog__2019__grittyprivate.html | blog__2019__horsin.html
other blog,3,/blog/2020/falladult-c2zcp,blog__2017__annie-katica-green.html | blog__2020__falladult-c2zcp.html | blog__2020__pageauditions.html
other blog,3,/blog/2017/honey-a76cy-3nefp,blog__2017__honey-a76cy-3nefp.html | blog__2018__100seasongala-3mk7k.html | blog__2019__evildeadauditions.html
other blog,3,/blog/2020/fallyouth,blog__2019__castmatesdollshouse-5mj7x.html | blog__2020__falladult.html | blog__2020__fallyouth.html
other blog,3,/blog/2019/covid19,blog__2019__covid19.html | blog__2019__foulplay.html | blog__2019__stayhomemonologues.html
other blog,3,/blog/tag/Second+Samuel+1516,blog__2015__second-samuel.html | blog__tag__2015-2016.html | blog__tag__Second+Samuel+1516.html
other blog,3,/blog/2020/summerweek4,blog__2020__summerweek2.html | blog__2020__summerweek4.html | blog__2020__summerweek5.html
other blog,3,/blog/2018/montreal,blog__2018__montreal.html | blog__20232024__mississippi.html | blog__20252026__productionteam.html
other blog,3,/blog/2016/wintereducation2018,blog__2016__wintereducation2018.html | blog__2017__fade.html | blog__2018__lauraauditions.html
other blog,3,/blog/2020/finalassignment,blog__2019__castmatescalendargirls.html | blog__2019__castmatessep25.html | blog__2020__finalassignment.html
other blog,3,/blog/2017/peter-pan-jr,blog__2016__98th-season-tickets.html | blog__2016__the-fortune-teller-presented-by-opera-elect.html | blog__2017__peter-pan-jr.html
other blog,3,/blog/2019/murdermystery2024-77bfe,blog__2019__murdermystery2024-77bfe.html | blog__2021__russell-5tgd7-smmxm.html | blog__20222023__lion-br6d8-984h5-czra9-z26wf.html
other blog,3,/blog/2017/second-samuel-festival-performances,blog__2017__honey-a76cy.html | blog__2017__second-samuel-festival-performances.html | blog__2019__blueforge.html
other blog,3,/blog/2019/castmatesdollshouse,blog__2019__castmatesdollshouse-5mj7x.html | blog__2019__castmatesdollshouse.html | blog__2019__jedi.html
other blog,3,/blog/2017/legally-blond-jr,blog__2016__98th-season-opening-gala-and-silent-auction-ewp7l.html | blog__2017__annualfunddrive.html | blog__2017__legally-blond-jr.html
other blog,3,/blog/2016/after-school-tlt-spring-2016,blog__2016__after-school-tlt-spring-2016.html | blog__2016__the-underpants-5ypj7-em9m8-jfy3x.html | blog__2016__top-girls.html
other blog,3,/blog/2019/summercamppoppins-rpwsh-jzptm,blog__2018__offtheshelfrevolution-7lpkw-eydma-tfp5d.html | blog__2019__spacies.html | blog__2019__summercamppoppins-rpwsh-jzptm.html
other blog,3,/blog/2022/offshelf1-7wyr7-f8j4h-f4k43,blog__2016__fools-play-improv-at-tlt-gwn7e-yfh46.html | blog__2022__offshelf1-7wyr7-f8j4h-f4k43.html | blog__2022__spring-education-2022-bgrgt-267bt-xse3d.html
other blog,3,/blog/2018/muhgrog-hm4j8-7zmbm,blog__2018__grab-a-seat-and-enjoy.html | blog__2018__muhgrog-hm4j8-7zmbm.html | blog__2018__springeducation-73prh.html
other blog,3,/blog/2018/offtheshelfempire,blog__2018__offtheshelfempire.html | blog__20232024__deltaauditions.html | blog__20242025__dog.html
other blog,3,/blog/2018/springeducation-73prh-kw3jp,blog__2018__springeducation-73prh-kw3jp.html | blog__2019__holmesauditions-nf2bd.html | blog__donationrequest.html
other blog,3,/blog/2015/randy-clark,blog__2015__jen-niehaus-rivers.html | blog__2015__micheal-ohara.html | blog__2015__randy-clark.html
other blog,3,/blog/2015/martin,blog__2015__jeanette.html | blog__2015__martin.html | blog__20192020__calendargirls.html
other blog,3,/blog/2018/shipwrecked,blog__2018__shipwrecked.html | blog__20232024__findingnemokids-g3njx.html | blog__20232024__guvnor.html
other blog,3,/blog/asyou,blog__20252026__davinciaudition-fd3g3.html | blog__25fallclasses.html | blog__asyou.html
other blog,3,/blog/2015/office-manager-373ag,blog__2015__office-manager-373ag.html | blog__2015__office-manager-lyb47.html | blog__2015__technical-director.html
other blog,3,/blog/2019/summercamppoppins-rpwsh-6pgye,blog__2018__offtheshelfrevolution-6xwxa.html | blog__2019__summercamppoppins-rpwsh-6pgye.html | blog__20232024__audmisery-4479k-ftkay.html
other blog,3,/blog/2020/falladult-c2zcp-kpdjh,blog__2020__falladult-c2zcp-kpdjh.html | blog__2021__rewildaudition.html | blog__2021__springbreak.html
other blog,3,/blog/2018/veteransdayproject,blog__2018__condotokillfor-9gb5f.html | blog__2018__veteransdayproject.html | blog__2019__sophieauditions.html
other blog,3,/blog/2018/springeducation-73prh-t9ly4,blog__2018__deathbyvalentine.html | blog__2018__springeducation-73prh-t9ly4.html | blog__2019__blueforge.html
other blog,3,/blog/2022/spring-education-2022-bgrgt,blog__20222023__xmasauditions.html | blog__2022__spring-education-2022-bgrgt.html | blog__kaleidoscope-registration.html
other blog,3,/blog/2019/termsaudition,blog__2019__fuddy-dha7r.html | blog__2019__fuddy.html | blog__2019__termsaudition.html
other blog,3,/blog/2019/sophieauditions,blog__2017__honey-a76cy.html | blog__2018__veteransdayproject.html | blog__2019__sophieauditions.html
other blog,3,/blog/2016/fools-play-improv-at-tlt-gwn7e-yfh46,blog__2016__fools-play-improv-at-tlt-gwn7e-yfh46.html | blog__2022__offshelf1-7wyr7-f8j4h-f4k43.html | blog__2023__summer-camps-2023.html
other blog,3,/blog/2018/cyranproductions,blog__2018__100seasongala-3mk7k.html | blog__2018__cyranproductions.html | blog__2018__offtheshelfrevolution-gjkhz.html
other blog,3,/blog/2019/fotoloose,blog__2019__fotoloose.html | blog__2019__marypoppins.html | blog__2019__seussicalcamp.html
other blog,3,/blog/tag/1950-1960,blog__2015__1950-1960.html | blog__category__Historical+Shows.html | blog__tag__1950-1960.html
other blog,3,/blog/2020/catmates2021,blog__2019__choruslineaudition-rr6em.html | blog__2020__catmates2021.html | blog__20212022__alltogetheraud.html
other blog,3,/blog/2019/castmatesdollshouse-5mj7x,blog__2019__castmatesdollshouse-5mj7x.html | blog__2019__castmatesdollshouse.html | blog__2020__fallyouth.html
other blog,3,/blog/2015/lily,blog__2015__lily.html | blog__2015__nick.html | blog__2016__fools-play-improv-at-tlt-h6azh.html
other blog,3,/blog/2022/spring-education-2022-bgrgt-267bt-xse3d,blog__2022__offshelf1-7wyr7-f8j4h-f4k43.html | blog__2022__spring-education-2022-bgrgt-267bt-xse3d.html | blog__20242025__murdermerlot.html
other blog,3,/blog/2019/castmatesjcs,blog__2019__castmatesjcs.html | blog__2019__covid19-38xd9.html | blog__2019__spacies-4kzgl.html
other blog,3,/blog/2018/mulanjr-hh87h,blog__20182019__foreigner.html | blog__2018__mulanjr-hh87h.html | blog__2018__mulanjr.html
other blog,3,/blog/2015/97th-season-auditions-1,blog__2015__97th-season-auditions-1.html | blog__2015__beauty-and-the-beast-jr-performances.html | blog__2015__ouroboros-shadow-pictures-presents-the-history-of-waking-up.html
other blog,3,/blog/2022/spring-education-2022-bgrgt-267bt-xse3d-sgdlr-ajmyl,blog__2022__spring-education-2022-bgrgt-267bt-xse3d-sgdlr-ajmyl.html | blog__20232024__fiddlerauditions-nf9gf.html | blog__20232024__rudolphjr.html
other blog,3,/blog/2018/lauraauditions-af84x,blog__2016__365days.html | blog__2018__lauraauditions-af84x.html | blog__2018__murderbymerlot-xgbbm.html
other blog,3,/blog/2016/birds-from-the-thicket,blog__2016__birds-from-the-thicket.html | blog__2016__gritty-city-sirens.html | blog__2016__noises-off.html
other blog,3,/blog/2021/now-hiring-education-director-eyg5f,blog__2018__shipwrecked-3ywjl.html | blog__2021__now-hiring-education-director-eyg5f.html | blog__20252026__directors.html
other blog,3,/blog/2018/dollshouseaudition-jpanj,blog__2016__parking.html | blog__2018__dollshouseaudition-jpanj.html | blog__2018__springeducation-73prh-t9ly4-645bw.html
other blog,3,/blog/2015/a-few-good-men,blog__2015__a-few-good-men.html | blog__2015__donna-kundson.html | blog__2015__oliver-1.html
other blog,3,/blog/2019/muhgrog,blog__2018__calendarauditions.html | blog__2019__evildeadauditions.html | blog__2019__muhgrog.html
other blog,3,/blog/2019/murdermystery2024,blog__2019__murdermystery2024.html | blog__2022__kaleidoscope-page.html | blog__20232024__audmisery-4479k-ftkay-eg24m.html
other blog,3,/blog/2019/stayhomemonologues-hentd,blog__2019__robinhood.html | blog__2019__stayhomemonologues-hentd.html | blog__2019__tacomacreates.html
other blog,3,/blog/2016/98th-season-opening-gala-and-silent-auction-ewp7l,blog__2016__98th-season-opening-gala-and-silent-auction-ewp7l.html | blog__2016__the-underpants-5ypj7.html | blog__2017__legally-blond-jr.html
other blog,3,/blog/2122/offtheshelfboudica,blog__2019__summercamppoppins-rpwsh.html | blog__20212022__theguys.html | blog__2122__offtheshelfboudica.html
other blog,3,/blog/2019/evildeadauditions,blog__2017__honey-a76cy-3nefp.html | blog__2019__evildeadauditions.html | blog__2019__muhgrog.html
other blog,3,/blog/2016/the-ozzie-fuhrmann-swing-band,blog__2016__a-piece-of-my-heart.html | blog__2016__the-ozzie-fuhrmann-swing-band.html | blog__2017__auditions-for-seussical.html
other blog,3,/blog/2019/castmatesvanya,blog__2019__castmatesvanya.html | blog__2019__summercamppoppins-rpwsh-dznrc.html | blog__2020__annualfund.html
other blog,3,/blog/2022/winter-break-2022-a-year-with-frog-and-toad,blog__20212022__covidprotocols.html | blog__20222023__rockauditions.html | blog__2022__winter-break-2022-a-year-with-frog-and-toad.html
other blog,3,/blog/2017/the-incredible-undersea-trial-of-joseph-p-lawnboy,blog__2016__98th-season-tickets.html | blog__2016__like-you-like-it-presented-by-clubtlt.html | blog__2017__the-incredible-undersea-trial-of-joseph-p-lawnboy.html
other blog,3,/blog/2019/wintered,blog__2018__springeducation-73prh-t9ly4-645bw-espsf.html | blog__2019__muhgrog157158.html | blog__2019__wintered.html
other blog,3,/blog/2017/cyrano-de-burger-shack-a-clubtlt-summer-production-frlk2,blog__2016__after-school-tlt-dracula.html | blog__2016__high-school-musical.html | blog__2017__cyrano-de-burger-shack-a-clubtlt-summer-production-frlk2.html
other blog,3,/blog/2022/summercamp,blog__2019__summercamppoppins-rpwsh-dkt88.html | blog__2019__summercamppoppins-rpwsh.html | blog__2022__summercamp.html
other blog,3,/blog/2018/springeducation-73prh-t9ly4-645bw,blog__2017__empathos.html | blog__2018__dollshouseaudition-jpanj.html | blog__2018__springeducation-73prh-t9ly4-645bw.html
other blog,3,/blog/2020/summerweek6-en8yw,blog__2020__summerweek5.html | blog__2020__summerweek6-en8yw.html | blog__2020__summerweek8.html
other blog,3,/blog/2015/the-last-night-of-ballyhoo-auditions,blog__2015__education-program.html | blog__2015__murder-on-the-movie-set.html | blog__2015__the-last-night-of-ballyhoo-auditions.html
other blog,3,/blog/2021/kremer,blog__2021__kremer.html | blog__2021__now-hiring-education-director.html | blog__2021__valenzuela.html
other blog,3,/blog/2019/wsctaboard,blog__2019__foulplay.html | blog__2019__termsaudition-8fkje.html | blog__2019__wsctaboard.html
other blog,3,/blog/2019/spacies-4kzgl,blog__2019__castmatesjcs.html | blog__2019__spacies-4kzgl.html | blog__2021__rewildaudition.html
other blog,3,/blog/2018/calendarauditions,blog__20182019__sophie.html | blog__2018__calendarauditions.html | blog__2019__muhgrog.html
other blog,3,/blog/2015/97th-season-auditions,blog__2015__5__11__beauty-and-the-beast-jr.html | blog__2015__97th-season-auditions.html | blog__2015__the-night-of-the-iguana.html
other blog,3,/blog/2015/summer-camp,blog__2015__5__11__the-ceremony-of-innocence.html | blog__2015__summer-camp.html | blog__2015__the-night-of-the-iguana.html
other blog,3,/blog/2018/100seasongala-3mk7k,blog__2017__honey-a76cy-3nefp.html | blog__2018__100seasongala-3mk7k.html | blog__2018__cyranproductions.html
other blog,3,/blog/2018/auditionsveteransday,blog__2016__vanya-and-sonia-and-masha-and-spike-auditions.html | blog__2018__auditionsforeigner.html | blog__2018__auditionsveteransday.html
other blog,3,/blog/2019/horsin,blog__2019__grittyprivate.html | blog__2019__horsin.html | blog__2019__muhgrog157158-fjne9.html
other blog,3,/blog/2016/fools-play-improv-at-tlt-gwn7e,blog__2016__fools-play-improv-at-tlt-gwn7e.html | blog__2022__offshelf1-7wyr7.html | blog__2022__spring-education-2022-bgrgt-267bt.html
other blog,3,/blog/2019/gala,blog__2017__annie-katica-green.html | blog__2019__castmates-54bgg.html | blog__2019__gala.html
other blog,3,/blog/2019/stayhomemonologues,blog__2019__covid19.html | blog__2019__stayhomemonologues.html | blog__2019__stayhometap.html
other blog,3,/blog/2016/three-one-acts-lemonade-the-cat-connection-second-chance,blog__2016__three-one-acts-lemonade-the-cat-connection-second-chance.html | blog__2017__auditions-for-jcs.html | blog__2018__springeducation-73prh.html
other blog,3,/blog/25fallclasses,blog__2016__tacoma-arts-month.html | blog__25fallclasses.html | blog__asyou.html
other blog,3,/blog/2017/after-school-tlt-hansel-gretel,blog__2016__the-man-who-shot-liberty-valance-1.html | blog__2017__after-school-tlt-hansel-gretel.html | blog__2017__cyrano-de-burger-shack-a-clubtlt-summer-production.html
other blog,3,/blog/2019/grittyapril,blog__20182019__hayfever.html | blog__2019__grittyapril.html | blog__2019__muhgrog-t3kr3.html
other blog,3,/blog/2017/auditions-for-lesser-god,blog__2015__city-line-interview.html | blog__2015__education-program.html | blog__2017__auditions-for-lesser-god.html
other blog,3,/blog/2016/after-school-tlt-robin-hood,blog__2015__camp-tlt-winter-2016.html | blog__2016__after-school-tlt-robin-hood.html | blog__2016__the-tenth-muse-off-the-shelf.html
other blog,3,/blog/category/Jobs,blog__20252026__productionteam.html | blog__category__Jobs.html | blog__category__Main.html
other blog,3,/blog/2018/offtheshelfrevolution-7lpkw-eydma-tfp5d,blog__2018__offtheshelfrevolution-7lpkw-eydma-tfp5d.html | blog__2019__summercamppoppins-rpwsh-jzptm.html | blog__2021__summerallages.html
other blog,3,/blog/2015/heidi-walworth-horn,blog__2015__heidi-walworth-horn.html | blog__2015__katherine-davis.html | blog__2015__tomorrow-tomorrow.html
other blog,3,/blog/2022/spring-education-2022-bgrgt-267bt,blog__2016__fools-play-improv-at-tlt-gwn7e.html | blog__20222023__wintercamp.html | blog__2022__spring-education-2022-bgrgt-267bt.html
other blog,3,/blog/2019/covid19-38xd9,blog__2019__castmatesjcs.html | blog__2019__covid19-38xd9.html | blog__2020__minidoka.html
other blog,3,/blog/2019/spacies,blog__2019__choruslineaudition-rr6em.html | blog__2019__spacies.html | blog__2019__summercamppoppins-rpwsh-jzptm.html
other blog,3,/blog/tag/2000-2010,blog__2015__2000-2010.html | blog__category__Historical+Shows.html | blog__tag__2000-2010.html
other blog,3,/blog/tag/1918-1930,blog__2015__1918-1930.html | blog__category__Historical+Shows.html | blog__tag__1918-1930.html
other blog,3,/blog/2016/gypsy-auditions,blog__2015__smokey-joes-cafe.html | blog__2016__gypsy-auditions.html | blog__2017__auditions-for-exit-laughing.html
other blog,3,/blog/2021/russell-5tgd7,blog__2021__russell-5tgd7-fbr6k.html | blog__2021__russell-5tgd7.html | blog__2021__russell-wgwef.html
other blog,3,/blog/2016/vanya-and-sonia-and-masha-and-spike-auditions,blog__2016__the-tenth-muse-off-the-shelf.html | blog__2016__vanya-and-sonia-and-masha-and-spike-auditions.html | blog__2018__auditionsveteransday.html
other blog,3,/blog/2018/lauraauditions,blog__2016__wintereducation2018.html | blog__2018__dollshouseaudition.html | blog__2018__lauraauditions.html
other blog,3,/blog/2016/offtheshelfbeverly,blog__2016__lit-aloud-an-off-the-shelf-event.html | blog__2016__offtheshelfbeverly.html | blog__2017__honeymoon-from-hell.html
other blog,3,/blog/2015/the-mystery-of-edwin-drood,blog__2015__cabaret.html | blog__2015__the-fox-on-the-fairway.html | blog__2015__the-mystery-of-edwin-drood.html
other blog,3,/blog/2019/muhgrogvirtual,blog__2019__castmates.html | blog__2019__muhgrogvirtual.html | blog__2019__qawithtlt-84f9e.html
other blog,3,/blog/2016/tacoma-arts-month,blog__2016__tacoma-arts-month.html | blog__25fallclasses.html | blog__springawakeningauditioninfo.html
other blog,3,/blog/2019/castmatesgypsy,blog__2019__castmatesgypsy-lalkt.html | blog__2019__castmatesgypsy.html | blog__2019__castmatesmice.html
other blog,3,/blog/2021/ballinger,blog__20212022__clue-anzln-g52ct-dwpf6.html | blog__2021__ballinger.html | blog__2021__russell.html
other blog,3,/blog/2019/castmatesvanya-z6797,blog__2019__castmatesvanya-z6797.html | blog__2020__finalassignment-r74ht.html | blog__2020__hanukkahauditions.html
other blog,3,/blog/2018/springeducation-73prh-t9ly4-645bw-espsf,blog__2018__springeducation-73prh-t9ly4-645bw-espsf.html | blog__2019__grittyprivate.html | blog__2019__wintered.html
other blog,3,/blog/2015/fred-meyer-community-rewards-helps-tlt,blog__2015__c-ellen-peters.html | blog__2015__city-line-interview.html | blog__2015__fred-meyer-community-rewards-helps-tlt.html
other blog,3,/blog/2019/muhgrog-t3kr3,blog__20182019__sophie.html | blog__2019__grittyapril.html | blog__2019__muhgrog-t3kr3.html
other blog,3,/blog/2017/honey-a76cy,blog__2017__honey-a76cy.html | blog__2017__second-samuel-festival-performances.html | blog__2019__sophieauditions.html
other blog,3,/blog/2020/falladult,blog__2020__falladult.html | blog__2020__fallyouth.html | blog__2020postponed.html
other blog,3,/blog/2016/miracle-on-34th-street-auditions,blog__2016__miracle-on-34th-street-auditions.html | blog__2016__murder-is-served-a-murder-mystery-dinner.html | blog__2016__the-underpants.html
other blog,3,/blog/tag/1930-1940,blog__2015__1930-1940.html | blog__category__Historical+Shows.html | blog__tag__1930-1940.html
other blog,3,/blog/2018/sexiest,blog__2018__sexiest.html | blog__20252026__otshijinx.html | blog__20252026__springclass.html
other blog,3,/blog/2017/annualfunddrive-4y34r,blog__2017__annualfunddrive-4y34r.html | blog__2019__castmates-54bgg-ltef7.html | blog__2019__castmateslaura.html
other blog,3,/blog/2018/condotokillfor,blog__2017__gritty-city-sirens-present-boobtube.html | blog__2018__condotokillfor.html | blog__2018__murderbymerlot.html
other blog,3,/blog/2019/castmatesmice,blog__2019__castmatesgypsy.html | blog__2019__castmatesmice.html | blog__2019__castmatessep25-prpec.html
other blog,3,/blog/2022annualfund-gf5fk,blog__2022annualfund-gf5fk.html | blog__20232024__rudolphjr.html | blog__2025__knockemdead.html
other blog,3,/blog/2019/tacomacreates,blog__2019__stayhomeadultmono.html | blog__2019__stayhomemonologues-hentd.html | blog__2019__tacomacreates.html
other blog,3,/blog/2018/condotokillfor-9gb5f,blog__2017__cyrano-de-burger-shack-a-clubtlt-summer-production-frlk2-z29c7.html | blog__2018__condotokillfor-9gb5f.html | blog__2018__veteransdayproject.html
other blog,3,/blog/2015/97th-season-opening-gala,blog__2015__5__11__the-music-man-junior.html | blog__2015__97th-season-opening-gala.html | blog__2015__tomorrow-tomorrow.html
other blog,3,/blog/2017/gritty-city-sirens-present-boobtube,blog__2017__gritty-city-sirens-present-boobtube.html | blog__2018__condotokillfor.html | blog__2018__deathbyvalentine.html
other blog,3,/blog/2017/annualfunddrive-fpemm,blog__2015__5__11__97th-season-announced.html | blog__2016__fools-play-improv-at-tlt-h6azh.html | blog__2017__annualfunddrive-fpemm.html
other blog,3,/blog/2019/robinhood,blog__2019__robinhood.html | blog__2019__stayhomemonologues-hentd.html | blog__2020__summerweek8.html
other blog,3,/blog/2018/scroogeaudition,blog__2016__city-line-the-last-night-of-ballyhoo.html | blog__2016__summer-camp-2016.html | blog__2018__scroogeaudition.html
other blog,3,/blog/2018/muhgrog-hm4j8,blog__2015__camp-tlt-winter-2016.html | blog__2015__city-line-interview-a-christmas-story.html | blog__2018__muhgrog-hm4j8.html
other blog,3,/blog/2020/summersupernews,blog__20192020__chorusline-fnlh3-akhpz.html | blog__2019__castmates.html | blog__2020__summersupernews.html
other blog,3,/blog/2021/now-hiring-education-director,blog__20212022__corndog.html | blog__2021__kremer.html | blog__2021__now-hiring-education-director.html
other blog,3,/blog/2016/stop-kiss-presented-by-found-space-productions,blog__2016__after-school-tlt-dracula.html | blog__2016__stop-kiss-presented-by-found-space-productions.html | blog__2017__cyrano-de-burger-shack-a-clubtlt-summer-production.html
other blog,3,/blog/2020/pageauditions,blog__2019__castmatesgypsy-lalkt.html | blog__2020__falladult-c2zcp.html | blog__2020__pageauditions.html
other blog,3,/blog/tag/1970-1980,blog__2015__1970-1980.html | blog__category__Historical+Shows.html | blog__tag__1970-1980.html
other blog,3,/blog/2018/auditionsforeigner,blog__2018__auditionsbellbookcandle.html | blog__2018__auditionsforeigner.html | blog__2018__auditionsveteransday.html
other blog,3,/blog/2019/muhgrog157158,blog__2019__fuddy-dha7r.html | blog__2019__muhgrog157158.html | blog__2019__wintered.html
other blog,3,/blog/2019/summercamppoppins,blog__2018__offtheshelfrevolution-7lpkw.html | blog__2019__summercamppoppins.html | blog__2019__summercampseuss.html
other blog,3,/blog/2015/5/11/the-music-man-junior,blog__2015__5__11__the-music-man-junior.html | blog__2015__97th-season-opening-gala.html | blog__2015__second-samuel-auditions.html
other blog,3,/blog/2018/grab-a-seat-and-enjoy,blog__2018__grab-a-seat-and-enjoy.html | blog__2018__grittycityvarie.html | blog__2018__muhgrog-hm4j8-7zmbm.html
other blog,3,/blog/2015/club-tlt,blog__2015__club-tlt.html | blog__2015__smokey-joes-cafe-auditions.html | blog__2015__stay-cool-at-tlt.html
other blog,3,/blog/2019/summercampseuss,blog__2019__springeducation-kndsr.html | blog__2019__summercamppoppins.html | blog__2019__summercampseuss.html
other blog,3,/blog/2017/auditions-for-exit-laughing,blog__2016__gypsy-auditions.html | blog__2017__audition-master-class-with-kip-niven.html | blog__2017__auditions-for-exit-laughing.html
other blog,3,/blog/2017/auditions-for-rumors,blog__2017__auditions-for-blithe-spirit.html | blog__2017__auditions-for-rumors.html | blog__2018__springeducation.html
other blog,3,/blog/2015/murder-on-the-movie-set,blog__2015__city-line-interview-a-christmas-story.html | blog__2015__murder-on-the-movie-set.html | blog__2015__the-last-night-of-ballyhoo-auditions.html
other blog,3,/blog/2019/laramie10,blog__2019__laramie10.html | blog__2019__muhgrog157158-fjne9.html | blog__2019__termsaudition-8fkje.html
other blog,3,/blog/2018/grittycityboobtubeseason2,blog__2016__summer-camp-2016.html | blog__2016__top-girls.html | blog__2018__grittycityboobtubeseason2.html
other blog,3,/blog/2019/stayhometap,blog__2019__stayhomeadultmono.html | blog__2019__stayhomemonologues.html | blog__2019__stayhometap.html
other blog,3,/blog/2025/revenge,blog__20232024__fiddlerauditions-nrpky.html | blog__20252026__summercamp.html | blog__2025__revenge.html
other blog,3,/blog/2015/donna-kundson,blog__2015__a-few-good-men.html | blog__2015__c-ellen-peters.html | blog__2015__donna-kundson.html
other blog,3,/blog/2017/cyrano-de-burger-shack-a-clubtlt-summer-production,blog__2016__stop-kiss-presented-by-found-space-productions.html | blog__2017__after-school-tlt-hansel-gretel.html | blog__2017__cyrano-de-burger-shack-a-clubtlt-summer-production.html
other blog,3,/blog/2018/offtheshelfrevolution-6xwxa-24bb7,blog__2018__offtheshelfrevolution-6xwxa-24bb7.html | blog__2018__offtheshelfrevolution-6xwxa.html | blog__20232024__audmisery-4479k-ftkay-eg24m.html
other blog,3,/blog/2018/murderbymerlot,blog__2018__condotokillfor.html | blog__2018__murderbymerlot.html | blog__2018__offtheshelfmeasure.html
other blog,3,/blog/2019/inclement-weather-information,blog__2019__inclement-weather-information.html | blog__20232024__fiddlerauditions-nrpky-pxjk7.html | blog__2023__summer-camps-2023.html
other blog,3,/blog/2017/mrs-smith-goes-to-washington,blog__2016__high-school-musical.html | blog__2016__the-last-escape-a-puzzle-room.html | blog__2017__mrs-smith-goes-to-washington.html
other blog,3,/blog/2021/russell,blog__20212022__clue-anzln-g52ct.html | blog__2021__ballinger.html | blog__2021__russell.html
other blog,3,/blog/2017/cyrano-de-burger-shack-a-clubtlt-summer-production-frlk2-z29c7,blog__2017__cyrano-de-burger-shack-a-clubtlt-summer-production-frlk2-z29c7.html | blog__2018__auditions-for-macbeth.html | blog__2018__condotokillfor-9gb5f.html
other blog,3,/blog/2019/holmesauditions,blog__2018__offtheshelfrevolution-7lpkw-eydma.html | blog__2019__holmesauditions-nf2bd.html | blog__2019__holmesauditions.html
other blog,3,/blog/2019/pillowmanfestival,blog__2017__jennyhubbard.html | blog__2019__pillowmanfestival.html | blog__2019__pillowmannationals.html
other blog,3,/blog/2016/the-underpants-5ypj7-em9m8-jfy3x,blog__2016__after-school-tlt-spring-2016.html | blog__2016__the-scarlett.html | blog__2016__the-underpants-5ypj7-em9m8-jfy3x.html
other blog,3,/blog/2022/spring-education-2022,blog__20212022__alltogethernow.html | blog__20212022__auditionsclue.html | blog__2022__spring-education-2022.html
other blog,3,/blog/2016/aladdin-jr,blog__2016__a-benefit-for-orlando.html | blog__2016__aladdin-jr.html | blog__2016__the-fortune-teller-presented-by-opera-elect.html
other blog,3,/blog/2017/audition-master-class-with-kip-niven,blog__2015__vanya-sonia-masha-and-spike.html | blog__2017__audition-master-class-with-kip-niven.html | blog__2017__auditions-for-exit-laughing.html
other blog,3,/blog/2015/hembree,blog__2015__hembree.html | blog__2015__office-manager-373ag-9pnef-aclg5-6l825.html | blog__2015__the-complete-works-of-william-shakespeare-abridged-revised.html
other blog,3,/blog/2016/98th-season-opening-gala-and-silent-auction,blog__2016__98th-season-opening-gala-and-silent-auction.html | blog__2016__the-underpants.html | blog__2017__auditions-for-jcs.html
other blog,3,/blog/2016/365days,blog__2016__365days.html | blog__2018__lauraauditions-af84x.html | blog__2019__summercamppoppins-tb7p2.html
other blog,3,/blog/2015/stay-cool-at-tlt,blog__2015__a-midsummer-nights-dream.html | blog__2015__club-tlt.html | blog__2015__stay-cool-at-tlt.html
other blog,3,/blog/2018/mulanjr,blog__2018__mulanjr-hh87h.html | blog__2018__mulanjr.html | blog__2018__offtheshelfrevolution.html
other blog,3,/blog/2016/summer-camp-2016-aladdin,blog__2016__noises-off.html | blog__2016__summer-camp-2016-aladdin.html | blog__2016__summer-camp-2016-high-school-musical.html
other blog,3,/blog/2016/lit-aloud-an-off-the-shelf-event,blog__2016__city-line-the-last-night-of-ballyhoo.html | blog__2016__lit-aloud-an-off-the-shelf-event.html | blog__2016__offtheshelfbeverly.html
other blog,3,/blog/tag/1960-1970,blog__2015__1960-1970.html | blog__category__Historical+Shows.html | blog__tag__1960-1970.html
other blog,3,/blog/2016/98th-season-tickets,blog__2016__98th-season-tickets.html | blog__2017__peter-pan-jr.html | blog__2017__the-incredible-undersea-trial-of-joseph-p-lawnboy.html
other blog,3,/blog/2018/offtheshelfrevolution-6xwxa,blog__2018__offtheshelfrevolution-6xwxa-24bb7.html | blog__2018__offtheshelfrevolution-6xwxa.html | blog__2019__summercamppoppins-rpwsh-6pgye.html
other blog,3,/blog/2016/parking,blog__2016__parking.html | blog__2017__auditionspillow.html | blog__2018__dollshouseaudition-jpanj.html
other blog,3,/blog/2017/auditions-for-blithe-spirit,blog__2016__the-underpants-5ypj7-em9m8-l4mjh-y6c62-hkpgb-86s8n.html | blog__2017__auditions-for-blithe-spirit.html | blog__2017__auditions-for-rumors.html
other blog,3,/blog/2022/offshelf1-7wyr7-f8j4h,blog__2022__offshelf1-7wyr7-f8j4h.html | blog__2023__spring-break-camp-2023-skills-break-camp.html | blog__fiddlerjr.html
other blog,3,/blog/2017/fade,blog__2016__wintereducation2018.html | blog__2017__fade.html | blog__2018__grittycityvarie.html
other blog,3,/blog/2022/ots2,blog__20222023__poboyaud.html | blog__2022__ots2.html | blog__2022__scholarship-application.html
other blog,3,/blog/2019/season101,blog__2015__randy-clark-dbs3d.html | blog__2019__season101.html | blog__2019__seussicalcamp.html
other blog,3,/blog/2021/summerallages,blog__2018__offtheshelfrevolution-7lpkw-eydma-tfp5d.html | blog__2021__falled-lc9tl.html | blog__2021__summerallages.html
other blog,3,/blog/2016/the-fortune-teller-presented-by-opera-elect,blog__2016__aladdin-jr.html | blog__2016__the-fortune-teller-presented-by-opera-elect.html | blog__2017__peter-pan-jr.html
other blog,3,/blog/2021/now-hiring-education-director-eyg5f-wwwl7,blog__2021__now-hiring-education-director-eyg5f-wwwl7.html | blog__20232024__springclasses2024-g3njx-fmnt9-ddk2.html | blog__20252026__springawakeningaudition-gxgle.html
other blog,3,/blog/2019/castmateslaura,blog__2015__george-mcclure-md.html | blog__2017__annualfunddrive-4y34r.html | blog__2019__castmateslaura.html
other blog,3,/blog/2025/knockemdead,blog__2022__kaleidoscope-page.html | blog__2022annualfund-gf5fk.html | blog__2025__knockemdead.html
other blog,3,/blog/2019/seussicalcamp,blog__2019__fotoloose.html | blog__2019__season101.html | blog__2019__seussicalcamp.html
other blog,3,/blog/2022/steelcovid,blog__2022__steelcovid.html | blog__20252026__bedauditions.html | blog__20252026__davinciaudition-fd3g3-msre8.html
other blog,3,/blog/2015/the-buddy-holly-story,blog__2015__1918-1930.html | blog__2015__5__11__the-ceremony-of-innocence.html | blog__2015__the-buddy-holly-story.html
other blog,3,/blog/2019/castmatesgypsy-lalkt,blog__2019__castmatesgypsy-lalkt.html | blog__2019__castmatesgypsy.html | blog__2020__pageauditions.html
other blog,3,/blog/2020/minidoka,blog__2019__covid19-38xd9.html | blog__2020__minidoka.html | blog__20222023__steelaud-8al6z.html
other blog,3,/blog/2018/100seasongala,blog__2018__100seasongala.html | blog__2018__broadwayolympia.html | blog__2018__offtheshelfrevolution.html
other blog,3,/blog/2020/annualfund,blog__2019__castmatesvanya.html | blog__2020__annualfund.html | blog__2020__summerweek6.html
other blog,3,/blog/2019/summercamppoppins-rpwsh-dznrc,blog__2019__castmatesvanya.html | blog__2019__summercamppoppins-rpwsh-dznrc.html | blog__2020__finalassignment-r74ht.html
other blog,3,/blog/2016/annual-fund-drive,blog__2016__annual-fund-drive.html | blog__2017__club-tlt-spring-recital.html | blog__2018__offtheshelfpeterpan.html
other blog,3,/blog/2017/auditions-for-seussical,blog__2016__the-ozzie-fuhrmann-swing-band.html | blog__2017__auditions-for-seussical.html | blog__2017__love-loss-and-what-i-wore.html
other blog,3,/blog/2020/summerweek1,blog__2019__qawithtlt.html | blog__2020__summerweek1.html | blog__2020__summerweek2.html
other blog,3,/blog/2019/summerfootloose,blog__2017__agentandtheactor.html | blog__2017__the-death-of-dr-pepper-a-murder-mystery-dinner.html | blog__2019__summerfootloose.html
other blog,3,/blog/2023/summer-camps-2023,blog__2016__fools-play-improv-at-tlt-gwn7e-yfh46.html | blog__2019__inclement-weather-information.html | blog__2023__summer-camps-2023.html
other blog,3,/blog/2018/auditions-for-macbeth,blog__2017__cyrano-de-burger-shack-a-clubtlt-summer-production-frlk2-z29c7.html | blog__2017__honey-a76cy-epksn.html | blog__2018__auditions-for-macbeth.html
other blog,3,/blog/2019/summercamppoppins-rpwsh,blog__2019__summercamppoppins-rpwsh.html | blog__2022__summercamp.html | blog__2122__offtheshelfboudica.html
other blog,3,/blog/2017/empathos,blog__2017__empathos.html | blog__2018__offtheshelfpeterpan.html | blog__2018__springeducation-73prh-t9ly4-645bw.html
other blog,3,/blog/2019/fuddy-dha7r,blog__2019__fuddy-dha7r.html | blog__2019__muhgrog157158.html | blog__2019__termsaudition.html
other blog,3,/blog/2021/falled,blog__20212022__corndog.html | blog__2021__falled.html | blog__2021__summercamp.html
other blog,3,/blog/2019/castmatesvanya-z6797-yd4xh,blog__2019__castmatesvanya-z6797-yd4xh.html | blog__2020__skin.html | blog__2021__springclasses.html
other blog,3,/blog/2018/offtheshelfrevolution,blog__2018__100seasongala.html | blog__2018__mulanjr.html | blog__2018__offtheshelfrevolution.html
other blog,3,/blog/2015/oliver-1,blog__2015__a-few-good-men.html | blog__2015__katherine-davis.html | blog__2015__oliver-1.html
other blog,3,/blog/2015/5/11/beauty-and-the-beast-jr,blog__2015__5__11__97th-season-announced.html | blog__2015__5__11__beauty-and-the-beast-jr.html | blog__2015__97th-season-auditions.html
other blog,3,/blog/2020/finalassignment-r74ht,blog__2019__castmatesvanya-z6797.html | blog__2019__summercamppoppins-rpwsh-dznrc.html | blog__2020__finalassignment-r74ht.html
other blog,3,/blog/2018/grittycityvarie,blog__2017__fade.html | blog__2018__grab-a-seat-and-enjoy.html | blog__2018__grittycityvarie.html
other blog,3,/blog/2018/springeducation,blog__2016__after-school-tlt-dracula-elpss.html | blog__2017__auditions-for-rumors.html | blog__2018__springeducation.html
other blog,3,/blog/2017/gritty-city-sirens-present-boobtube-62hcx,blog__2017__gritty-city-sirens-present-boobtube-62hcx.html | blog__2017__the-death-of-dr-pepper-a-murder-mystery-dinner.html | blog__2018__offtheshelfmeasure.html
other blog,3,/blog/2015/beauty-and-the-beast-jr-performances,blog__2015__97th-season-auditions-1.html | blog__2015__beauty-and-the-beast-jr-performances.html | blog__20212022__seasontix.html
other blog,3,/blog/2022/spring-education-2022-bgrgt-267bt-xse3d-sgdlr-ajmyl-s5bfx,blog__2019__inclement-weather-information-xpp5l.html | blog__2022__spring-education-2022-bgrgt-267bt-xse3d-sgdlr-ajmyl-s5bfx.html | blog__20252026__summercamp.html
other blog,3,/blog/2020/summerweek2,blog__2020__summerweek1.html | blog__2020__summerweek2.html | blog__2020__summerweek4.html
other blog,3,/blog/2016/the-last-escape-a-puzzle-room,blog__2016__the-last-escape-a-puzzle-room.html | blog__2017__mrs-smith-goes-to-washington.html | blog__2018__summercampmulan.html
other blog,3,/blog/2019/jedi,blog__2015__george-mcclure-md.html | blog__2019__castmatesdollshouse.html | blog__2019__jedi.html
other blog,3,/blog/2018/offtheshelfrevolution-gjkhz,blog__2018__cyranproductions.html | blog__2018__offtheshelfrevolution-gjkhz.html | blog__2019__springeducation-kndsr.html
other blog,3,/blog/2018/offtheshelfpeterpan,blog__2016__annual-fund-drive.html | blog__2017__empathos.html | blog__2018__offtheshelfpeterpan.html
other blog,3,/blog/2018/summercampmulan,blog__2016__dracula-auditions.html | blog__2016__the-last-escape-a-puzzle-room.html | blog__2018__summercampmulan.html
other blog,3,/blog/2017/club-tlt-spring-recital,blog__2016__annual-fund-drive.html | blog__2017__club-tlt-spring-recital.html | blog__2017__honey-a76cy-3nefp-58mtg.html
other blog,3,/blog/2019/stayhomeadultmono,blog__2019__stayhomeadultmono.html | blog__2019__stayhometap.html | blog__2019__tacomacreates.html
other blog,3,/blog/2015/randy-clark-dbs3d,blog__2015__randy-clark-dbs3d.html | blog__2019__season101.html | blog__donationrequest.html
other blog,3,/blog/springawakeningauditioninfo,blog__2016__tacoma-arts-month.html | blog__25fallclasses-2kptp.html | blog__springawakeningauditioninfo.html
other blog,3,/blog/2022/offshelf1,blog__20212022__terms.html | blog__2022__offshelf1.html | blog__2022__scholarship-application.html
other blog,3,/blog/fiddlerjr,blog__2022__offshelf1-7wyr7-f8j4h.html | blog__20232024__fiddlerauditions-nrpky-pxjk7.html | blog__fiddlerjr.html
other blog,3,/blog/2021/clausell,blog__2021__clausell.html | blog__2021__hayes.html | blog__2021__tlt-wins-national-award.html
other blog,3,/blog/2015/tomorrow-tomorrow,blog__2015__97th-season-opening-gala.html | blog__2015__heidi-walworth-horn.html | blog__2015__tomorrow-tomorrow.html
other blog,3,/blog/2018/springeducation-73prh-t9ly4-645bw-x768b-9rkry,blog__2018__broadwayolympia.html | blog__2018__springeducation-73prh-t9ly4-645bw-jww8t.html | blog__2018__springeducation-73prh-t9ly4-645bw-x768b-9rkry.html
other blog,3,/blog/2021/rewildaudition,blog__2019__spacies-4kzgl.html | blog__2020__falladult-c2zcp-kpdjh.html | blog__2021__rewildaudition.html
other blog,3,/blog/2020postponed,blog__2020__falladult-9ygrj.html | blog__2020__falladult.html | blog__2020postponed.html
other blog,3,/blog/2016/of-mice-and-men-auditions,blog__2015__the-last-night-of-ballyhoo.html | blog__2015__vanya-sonia-masha-and-spike.html | blog__2016__of-mice-and-men-auditions.html
other blog,3,/blog/2015/ouroboros-shadow-pictures-presents-the-history-of-waking-up,blog__2015__97th-season-auditions-1.html | blog__2015__all-the-great-books.html | blog__2015__ouroboros-shadow-pictures-presents-the-history-of-waking-up.html
other blog,3,/blog/2016/summer-camp-2016,blog__2016__summer-camp-2016.html | blog__2018__grittycityboobtubeseason2.html | blog__2018__scroogeaudition.html
other blog,3,/blog/2016/a-piece-of-my-heart,blog__2016__a-piece-of-my-heart.html | blog__2016__the-ozzie-fuhrmann-swing-band.html | blog__2016__the-underpants-auditions.html
other blog,3,/blog/2020/skin,blog__2019__castmatesvanya-z6797-yd4xh.html | blog__2020__minidoka-tyjt6.html | blog__2020__skin.html
other blog,3,/blog/2019/choruslineaudition-rr6em,blog__2019__choruslineaudition-rr6em.html | blog__2019__spacies.html | blog__2020__catmates2021.html
other blog,3,/blog/2016/murder-is-served-a-murder-mystery-dinner,blog__2016__miracle-on-34th-street-auditions.html | blog__2016__murder-is-served-a-murder-mystery-dinner.html | blog__2018__muhgrog.html
other blog,3,/blog/2018/muhgrog,blog__2016__dracula.html | blog__2016__murder-is-served-a-murder-mystery-dinner.html | blog__2018__muhgrog.html
other blog,4,/blog/tag/2012-2013,blog__2015__2012-2013.html | blog__category__Historical+Shows.html | blog__tag__2010-2020.html
other blog,4,/blog/2015/smokey-joes-cafe-auditions,blog__2015__all-the-great-books.html | blog__2015__club-tlt.html | blog__2015__smokey-joes-cafe-auditions.html
other blog,4,/blog/tag/Caberet1415,blog__2015__cabaret.html | blog__category__96th+Season.html | blog__tag__2014-2015.html
other blog,4,/blog/tag/City+Line,blog__2015__city-line-interview-a-christmas-story.html | blog__2015__city-line-interview.html | blog__tag__ChristmasStory1516.html
other blog,4,/blog/2016/top-girls,blog__2016__after-school-tlt-spring-2016.html | blog__2016__top-girls.html | blog__2018__grittycityboobtubeseason2.html
other blog,4,/blog/2016/the-underpants,blog__2016__98th-season-opening-gala-and-silent-auction.html | blog__2016__miracle-on-34th-street-auditions.html | blog__2016__the-underpants.html
other blog,4,/blog/2016/the-underpants-5ypj7,blog__2016__98th-season-opening-gala-and-silent-auction-ewp7l.html | blog__2016__the-underpants-5ypj7-yzws8.html | blog__2016__the-underpants-5ypj7.html
other blog,4,/blog/2015/the-last-night-of-ballyhoo,blog__2015__second-samuel.html | blog__2015__the-last-night-of-ballyhoo.html | blog__2016__of-mice-and-men-auditions.html
other blog,4,/blog/2016/exit-laughing,blog__2016__exit-laughing.html | blog__2016__gypsy.html | blog__2016__the-man-who-shot-liberty-valance-1.html
other blog,4,/blog/2016/the-underpants-5ypj7-em9m8-l4mjh-y6c62-hkpgb-86s8n,blog__2016__the-underpants-5ypj7-em9m8-l4mjh-y6c62-hkpgb-86s8n.html | blog__2016__the-underpants-5ypj7-em9m8-l4mjh-y6c62-hkpgb.html | blog__2017__auditions-for-blithe-spirit.html
other blog,4,/blog/2016/the-tenth-muse-off-the-shelf,blog__2016__after-school-tlt-robin-hood.html | blog__2016__the-tenth-muse-off-the-shelf.html | blog__2016__vanya-and-sonia-and-masha-and-spike-auditions.html
other blog,4,/blog/2016/the-man-who-shot-liberty-valance-1,blog__2016__exit-laughing.html | blog__2016__the-man-who-shot-liberty-valance-1.html | blog__2017__after-school-tlt-hansel-gretel.html
other blog,4,/blog/tag/2010-2011,blog__2015__2010-2011.html | blog__category__Historical+Shows.html | blog__tag__2010-2011.html
other blog,4,/blog/2018/shipwrecked-3ywjl,blog__2018__shipwrecked-3ywjl.html | blog__2021__now-hiring-education-director-eyg5f.html | blog__20232024__guvnor.html
other blog,4,/blog/2019/blueforge,blog__2017__second-samuel-festival-performances.html | blog__2018__springeducation-73prh-t9ly4.html | blog__2019__blueforge.html
other blog,4,/blog/2022/season-2020-2021,blog__20222023__lion.html | blog__20222023__seasontix.html | blog__2022__season-2020-2021.html
other blog,4,/blog/tag/2011-2012,blog__2015__2011-2012.html | blog__category__Historical+Shows.html | blog__tag__2010-2020.html
other blog,4,/blog/2016/the-underpants-5ypj7-em9m8-l4mjh-y6c62,blog__2016__the-underpants-5ypj7-em9m8-l4mjh-y6c62-hkpgb.html | blog__2016__the-underpants-5ypj7-em9m8-l4mjh-y6c62.html | blog__2016__the-underpants-5ypj7-em9m8-l4mjh.html
other blog,4,/blog/2016/miracle-on-34th-street,blog__2016__dracula.html | blog__2016__miracle-on-34th-street.html | blog__2016__of-mice-and-men.html
other blog,4,/blog/teagan,blog__2015__office-manager-373ag-9pnef-aclg5-6l825-l9egj.html | blog__category__Staff.html | blog__teagan.html
other blog,4,/blog/2016/dracula,blog__2016__dracula.html | blog__2016__miracle-on-34th-street.html | blog__2018__muhgrog.html
other blog,4,/blog/2016/the-underpants-5ypj7-em9m8,blog__2016__the-underpants-5ypj7-em9m8-l4mjh.html | blog__2016__the-underpants-5ypj7-em9m8.html | blog__2016__the-underpants-5ypj7-yzws8.html
other blog,4,/blog/2018/offtheshelfrevolution-7lpkw-eydma-tfp5d-j22jm,blog__2018__offtheshelfrevolution-7lpkw-eydma-tfp5d-j22jm.html | blog__20212022__auditionsoz.html | blog__20212022__auditionssky-jxcgy.html
other blog,4,/blog/2016/the-underpants-5ypj7-yzws8,blog__2016__the-underpants-5ypj7-em9m8.html | blog__2016__the-underpants-5ypj7-yzws8.html | blog__2016__the-underpants-5ypj7.html
other blog,4,/blog/2015/rabbit-hole,blog__2015__a-christmas-story.html | blog__2015__boeing-boeing.html | blog__2015__rabbit-hole.html
other blog,4,/blog/2015/dial-m-for-murder,blog__2015__cabaret-pictures-1.html | blog__2015__dial-m-for-murder.html | blog__2015__scrooge-the-musical.html
other blog,4,/blog/2016/the-underpants-5ypj7-em9m8-l4mjh-y6c62-hkpgb,blog__2016__the-underpants-5ypj7-em9m8-l4mjh-y6c62-hkpgb-86s8n.html | blog__2016__the-underpants-5ypj7-em9m8-l4mjh-y6c62-hkpgb.html | blog__2016__the-underpants-5ypj7-em9m8-l4mjh-y6c62.html
other blog,4,/blog/donationrequest,blog__2015__randy-clark-dbs3d.html | blog__2018__springeducation-73prh-kw3jp.html | blog__donationrequest.html
other blog,4,/blog/2015/vanya-sonia-masha-and-spike,blog__2015__vanya-sonia-masha-and-spike.html | blog__2016__of-mice-and-men-auditions.html | blog__2017__audition-master-class-with-kip-niven.html
other blog,4,/blog/2015/boeing-boeing,blog__2015__boeing-boeing.html | blog__2015__rabbit-hole.html | blog__2017__love-loss-and-what-i-wore.html
other blog,4,/blog/2015/city-line-interview,blog__2015__city-line-interview.html | blog__2015__fred-meyer-community-rewards-helps-tlt.html | blog__2017__auditions-for-lesser-god.html
other blog,4,/blog/2016/the-underpants-5ypj7-em9m8-l4mjh,blog__2016__the-underpants-5ypj7-em9m8-l4mjh-y6c62.html | blog__2016__the-underpants-5ypj7-em9m8-l4mjh.html | blog__2016__the-underpants-5ypj7-em9m8.html
other blog,4,/blog/2016/the-scarlett,blog__2016__fools-play-improv-at-tlt.html | blog__2016__the-scarlett.html | blog__2016__the-underpants-5ypj7-em9m8-jfy3x.html
other blog,4,/blog/tag/SmokeyJoesCafe1516,blog__2015__smokey-joes-cafe-auditions.html | blog__2015__smokey-joes-cafe.html | blog__tag__2015-2016.html
other blog,4,/blog/2018/offtheshelfmeasure,blog__2017__gritty-city-sirens-present-boobtube-62hcx.html | blog__2018__murderbymerlot.html | blog__2018__offtheshelfmeasure.html
other blog,4,/blog/2019/fuddy,blog__2019__fuddy.html | blog__2019__shatteringauditions-5n88x.html | blog__2019__termsaudition.html
other blog,4,/blog/2019/blm,blog__20192020__holmes.html | blog__2019__blm.html | blog__2019__choruslineaudition.html
other blog,4,/blog/2016/of-mice-and-men,blog__2016__gypsy.html | blog__2016__miracle-on-34th-street.html | blog__2016__of-mice-and-men.html
other blog,4,/blog/category/Other+Shows,blog__2016__noises-off.html | blog__2018__broadwayolympia.html | blog__category__Other+Shows.html
other blog,5,/blog/2015/chapter-two,blog__2015__chapter-two.html | blog__2015__office-manager-373ag-9pnef-aclg5-p78cz.html | blog__2015__to-kill-a-mockingbird.html
other blog,5,/blog/2015/bye-bye-birdie,blog__2015__bye-bye-birdie.html | blog__2015__office-manager-373ag-9pnef-aclg5-p78cz.html | blog__2015__office-manager-373ag-9pnef-aclg5.html
other blog,5,/blog/2015/1970-1980,blog__2015__1960-1970.html | blog__2015__1970-1980.html | blog__2015__1980-1990.html
other blog,5,/blog/board/kay,blog__board__em.html | blog__board__kay.html | blog__board__sam.html
other blog,5,/blog/2015/picasso-at-the-lapin-agile,blog__2015__picasso-at-the-lapin-agile.html | blog__2015__the-fox-on-the-fairway.html | blog__2015__the-great-gatsby.html
other blog,5,/blog/2015/smokey-joes-cafe,blog__2015__smokey-joes-cafe.html | blog__2016__gritty-city-sirens.html | blog__2016__gypsy-auditions.html
other blog,5,/blog/2015/a-midsummer-nights-dream,blog__2015__a-midsummer-nights-dream.html | blog__2015__cabaret-pictures-1.html | blog__2015__stay-cool-at-tlt.html
other blog,5,/blog/2015/a-christmas-story,blog__2015__a-christmas-story.html | blog__2015__rabbit-hole.html | blog__2015__second-samuel.html
other blog,5,/blog/2015/nick,blog__2015__lily.html | blog__2015__moonlight-and-magnolias.html | blog__2015__nick.html
other blog,5,/blog/2015/1950-1960,blog__2015__1940-1950.html | blog__2015__1950-1960.html | blog__2015__1960-1970.html
other blog,5,/blog/2015/to-kill-a-mockingbird,blog__2015__chapter-two.html | blog__2015__to-kill-a-mockingbird.html | blog__category__95th+Season.html
other blog,5,/blog/tag/ChristmasStory1516,blog__2015__a-christmas-story.html | blog__2015__city-line-interview-a-christmas-story.html | blog__tag__2015-2016.html
other blog,5,/blog/2015/moonlight-and-magnolias,blog__2015__moonlight-and-magnolias.html | blog__2015__nick.html | blog__2015__office-manager-373ag-9pnef-aclg5.html
other blog,5,/blog/2015/the-fox-on-the-fairway,blog__2015__picasso-at-the-lapin-agile.html | blog__2015__the-fox-on-the-fairway.html | blog__2015__the-mystery-of-edwin-drood.html
other blog,5,/blog/monique,blog__2015__its-a-wonderful-life.html | blog__2015__to-kill-a-mockingbird.html | blog__category__Staff.html
other blog,5,/blog/2015/1960-1970,blog__2015__1950-1960.html | blog__2015__1960-1970.html | blog__2015__1970-1980.html
other blog,5,/blog/2015/the-weir,blog__2015__its-a-wonderful-life.html | blog__2015__steele-magnolias.html | blog__2015__the-weir.html
other blog,5,/blog/board/leah,blog__2022annualfund.html | blog__board__kay-rdzag.html | blog__board__leah.html
other blog,5,/blog/2021/russell-wgwef,blog__2021__russell-5tgd7.html | blog__2021__russell-wgwef.html | blog__20232024__audmisery.html
other blog,5,/blog/2015/1930-1940,blog__2015__1918-1930.html | blog__2015__1930-1940.html | blog__2015__1940-1950.html
other blog,5,/blog/2015/city-line-interview-a-christmas-story,blog__2015__city-line-interview-a-christmas-story.html | blog__2015__murder-on-the-movie-set.html | blog__2018__muhgrog-hm4j8.html
other blog,5,/blog/2015/office-manager-373ag-9pnef-aclg5,blog__2015__bye-bye-birdie.html | blog__2015__moonlight-and-magnolias.html | blog__2015__office-manager-373ag-9pnef-aclg5.html
other blog,5,/blog/2021/russell-5tgd7-fbr6k,blog__2021__russell-5tgd7-fbr6k.html | blog__2021__russell-5tgd7-smmxm.html | blog__2021__russell-5tgd7.html
other blog,5,/blog/2016/noises-off,blog__2016__birds-from-the-thicket.html | blog__2016__noises-off.html | blog__2016__summer-camp-2016-aladdin.html
other blog,5,/blog/2015/1918-1930,blog__2015__1918-1930.html | blog__2015__1930-1940.html | blog__2015__the-buddy-holly-story.html
other blog,5,/blog/2018/broadwayolympia,blog__2018__100seasongala.html | blog__2018__broadwayolympia.html | blog__2018__springeducation-73prh-t9ly4-645bw-x768b-9rkry.html
other blog,5,/blog/2021/tlt-wins-national-award,blog__2021__clausell.html | blog__2021__tlt-wins-national-award.html | blog__20222023__steelaud-8al6z.html
other blog,5,/blog/board/trevor,blog__20232024__almostmaine.html | blog__board__sam.html | blog__board__trevor.html
other blog,5,/blog/category/Education+Program,blog__20252026__springclass.html | blog__20252026__summercamp.html | blog__category__Education+Program.html
other blog,5,/blog/2015/managing-artistic-director,blog__2015__2010-2011.html | blog__2015__managing-artistic-director.html | blog__2015__technical-director.html
other blog,5,/blog/2015/the-great-gatsby,blog__2015__picasso-at-the-lapin-agile.html | blog__2015__scrooge-the-musical.html | blog__2015__the-great-gatsby.html
other blog,5,/blog/2016/gypsy,blog__2016__exit-laughing.html | blog__2016__gypsy.html | blog__2016__of-mice-and-men.html
other blog,5,/blog/2015/office-manager-373ag-9pnef-aclg5-6l825,blog__2015__hembree.html | blog__2015__office-manager-373ag-9pnef-aclg5-6l825-l9egj.html | blog__2015__office-manager-373ag-9pnef-aclg5-6l825.html
other blog,5,/blog/board/kay-emp99,blog__board__kay-emp99.html | blog__board__kay-njsdj.html | blog__category__Board.html
other blog,5,/blog/2015/the-complete-works-of-william-shakespeare-abridged-revised,blog__2015__hembree.html | blog__2015__steele-magnolias.html | blog__2015__the-complete-works-of-william-shakespeare-abridged-revised.html
other blog,5,/blog/2015/tania,blog__2015__jeanette.html | blog__2015__tania.html | blog__2019__castmates-54bgg-ltef7.html
other blog,5,/blog/2015/steele-magnolias,blog__2015__steele-magnolias.html | blog__2015__the-complete-works-of-william-shakespeare-abridged-revised.html | blog__2015__the-weir.html
other blog,5,/blog/2015/1940-1950,blog__2015__1930-1940.html | blog__2015__1940-1950.html | blog__2015__1950-1960.html
other blog,5,/blog/2015/office-manager-lyb47,blog__2015__micheal-ohara.html | blog__2015__office-manager-373ag.html | blog__2015__office-manager-lyb47.html
other blog,5,/blog/2015/1980-1990,blog__2015__1970-1980.html | blog__2015__1980-1990.html | blog__2015__1990-2000.html
other blog,5,/blog/2015/office-manager-373ag-9pnef-aclg5-p78cz,blog__2015__bye-bye-birdie.html | blog__2015__chapter-two.html | blog__2015__office-manager-373ag-9pnef-aclg5-p78cz.html
other blog,5,/blog/2015/1990-2000,blog__2015__1980-1990.html | blog__2015__1990-2000.html | blog__2015__2000-2010.html
other blog,5,/blog/board/kay-rdzag,blog__board__kay-njsdj.html | blog__board__kay-rdzag.html | blog__board__leah.html
other blog,5,/blog/2021/valenzuela,blog__2021__hayes.html | blog__2021__kremer.html | blog__2021__valenzuela.html
other blog,5,/blog/2015/scrooge-the-musical,blog__2015__dial-m-for-murder.html | blog__2015__scrooge-the-musical.html | blog__2015__the-great-gatsby.html
other blog,5,/blog/board/kay-njsdj,blog__board__kay-emp99.html | blog__board__kay-njsdj.html | blog__board__kay-rdzag.html
other blog,5,/blog/2015/2000-2010,blog__2015__1990-2000.html | blog__2015__2000-2010.html | blog__2015__jen-niehaus-rivers.html
other blog,5,/blog/2015/its-a-wonderful-life,blog__2015__its-a-wonderful-life.html | blog__2015__the-weir.html | blog__category__95th+Season.html
other blog,5,/blog/2015/technical-director,blog__2015__managing-artistic-director.html | blog__2015__office-manager-373ag.html | blog__2015__technical-director.html
other blog,5,/blog/2015/second-samuel,blog__2015__a-christmas-story.html | blog__2015__second-samuel.html | blog__2015__the-last-night-of-ballyhoo.html
other blog,6,/blog/2015/cabaret,blog__2015__2012-2013.html | blog__2015__cabaret.html | blog__2015__the-mystery-of-edwin-drood.html
other blog,6,/blog/2015/2011-2012,blog__2015__2010-2011.html | blog__2015__2011-2012.html | blog__2015__2012-2013.html
other blog,6,/blog/2025/grab-dinner-at-harbor-lights,blog__20222023__significantaudition-rrpga.html | blog__2025__grab-dinner-at-harbor-lights.html | blog__category__Main.html
other blog,6,/blog/2025/revenge-s2keg,blog__2018__sexiest-9glhh.html | blog__20252026__springclass.html | blog__2025__revenge-s2keg.html
other blog,6,/blog/2015/2010-2011,blog__2015__2010-2011.html | blog__2015__2011-2012.html | blog__2015__managing-artistic-director.html
other blog,6,/blog/category/Other+Theatre+Shows,blog__2016__noises-off.html | blog__2016__the-scarlett.html | blog__2018__broadwayolympia.html
other blog,6,/blog/2015/2012-2013,blog__2015__2011-2012.html | blog__2015__2012-2013.html | blog__2015__cabaret.html
other blog,7,/blog/2015/cabaret-pictures-1,blog__2015__a-midsummer-nights-dream.html | blog__2015__cabaret-pictures-1.html | blog__2015__cabaret.html
other blog,8,/blog/tag/2023-2024,blog__20232024__almostmaine.html | blog__20232024__dollshouse2.html | blog__20232024__misery.html
other blog,8,/blog/tag/2024-2025,blog__20242025__bug.html | blog__20242025__curious-y7xjc.html | blog__20242025__curious.html
other blog,8,/blog/tag/2021-2022,blog__20212022__clue-633y7.html | blog__20212022__clue-anzln-g52ct-dwpf6.html | blog__20212022__clue-anzln-g52ct.html
other blog,8,/blog/tag/2018-2019,blog__20182019__bellbookcandle.html | blog__20182019__dollshouse.html | blog__20182019__foreigner.html
other blog,8,/blog/tag/2010-2020,blog__2015__2010-2011.html | blog__2015__2011-2012.html | blog__2015__2012-2013.html
other blog,8,/blog/tag/2022-2023,blog__20222023__murder.html | blog__20222023__poboy.html | blog__20222023__rock.html
other blog,8,/blog/tag/2017-2018,blog__2016__the-underpants-5ypj7-em9m8-l4mjh-y6c62-hkpgb-86s8n.html | blog__2016__the-underpants-5ypj7-em9m8-l4mjh-y6c62-hkpgb.html | blog__2016__the-underpants-5ypj7-em9m8-l4mjh-y6c62.html
other blog,9,/blog/tag/2019-2020,blog__20192020__calendargirls.html | blog__20192020__chorusline-fnlh3-akhpz.html | blog__20192020__chorusline-fnlh3.html
other blog,9,/blog/tag/2016-2017,blog__2016__dracula.html | blog__2016__exit-laughing.html | blog__2016__gypsy.html
other blog,9,/blog/category/96th+Season,blog__2015__a-midsummer-nights-dream.html | blog__2015__cabaret.html | blog__2015__picasso-at-the-lapin-agile.html
other blog,9,/blog/category/Off+the+Shelf,blog__2016__the-tenth-muse-off-the-shelf.html | blog__2016__top-girls.html | blog__2018__offtheshelfmeasure.html
other blog,10,/blog/category/95th+Season,blog__2015__bye-bye-birdie.html | blog__2015__chapter-two.html | blog__2015__its-a-wonderful-life.html
other blog,10,/blog/tag/2013-2014,blog__2015__bye-bye-birdie.html | blog__2015__chapter-two.html | blog__2015__its-a-wonderful-life.html
other blog,10,/blog/category/Staff,blog__2015__managing-artistic-director.html | blog__2015__nick.html | blog__2015__office-manager-373ag-9pnef-aclg5-6l825.html
other blog,10,/blog/tag/2014-2015,blog__2015__a-midsummer-nights-dream.html | blog__2015__cabaret.html | blog__2015__dial-m-for-murder.html
other blog,11,/blog/category/Board,blog__2015__tania.html | blog__2021__russell-5tgd7-fbr6k.html | blog__2021__russell-wgwef.html
other blog,11,/blog/category/Now+Playing,blog__2016__gypsy.html | blog__20222023__seasontix.html | blog__20252026__spring-bpb9w.html
other blog,11,/blog/tag/2015-2016,blog__2015__a-christmas-story.html | blog__2015__boeing-boeing.html | blog__2015__rabbit-hole.html
other blog,12,/blog/2022/scholarship-application,blog__2022__offshelf1.html | blog__2022__ots2.html | blog__2022__scholarship-application.html
other blog,12,/blog/category/Main,blog__20222023__seasontix.html | blog__20252026__productionteam.html | blog__20252026__spring-bpb9w.html
other blog,26,/blog/category/Historical+Shows,blog__2015__1918-1930.html | blog__2015__1930-1940.html | blog__2015__1940-1950.html
other blog,591,/blog/tag/2025-2026,auditions.html | blog__2015__1918-1930.html | blog__2015__1930-1940.html
