old,new,note
/blog,/news/,blog index
/blog/25fallclasses-2kptp,/news/25fallclasses-2kptp/,blog post -> news
/blog/springawakeningauditioninfo,/news/springawakeningauditioninfo/,blog post -> news
/blog/2016/tacoma-arts-month,/news/2016/tacoma-arts-month/,blog post -> news
/blog/25fallclasses,/news/25fallclasses/,blog post -> news
/blog/asyou,/news/asyou/,blog post -> news
/blog/20252026/davinciaudition-fd3g3,/shows/2025-2026/davinciaudition/,show -> custom post type
/blog/20252026/davinci,/shows/2025-2026/davinci/,show -> custom post type
/blog/20252026/matilda,/shows/2025-2026/matilda/,show -> custom post type
/blog/20252026/timemachine,/shows/2025-2026/timemachine/,show -> custom post type
/blog/20252026/spring,/shows/2025-2026/spring/,show -> custom post type
/blog/20252026/spring-bpb9w,/shows/2025-2026/spring/,show -> custom post type
/blog/20252026/sotto,/shows/2025-2026/sotto/,show -> custom post type
/blog/20252026/bedroom,/shows/2025-2026/bedroom/,show -> custom post type
/blog/20252026/davinciaudition,/shows/2025-2026/davinciaudition/,show -> custom post type
/blog/summer24-g2226,/news/summer24-g2226/,blog post -> news
/blog/hadesteen,/news/hadesteen/,blog post -> news
/blog/board/kay-emp99,/news/board/kay-emp99/,blog post -> news
/blog/board/kay-njsdj,/news/board/kay-njsdj/,blog post -> news
/blog/board/kay-rdzag,/news/board/kay-rdzag/,blog post -> news
/blog/board/leah,/news/board/leah/,blog post -> news
/blog/2022annualfund,/news/2022annualfund/,blog post -> news
/blog/20252026/sottoaud,/shows/2025-2026/sottoaud/,show -> custom post type
/blog/20252026/otsmetamorphoses,/shows/2025-2026/otsmetamorphoses/,show -> custom post type
/blog/20252026/bedauditions,/shows/2025-2026/bedauditions/,show -> custom post type
/blog/2022/steelcovid,/news/2022/steelcovid/,blog post -> news
/blog/20252026/davinciaudition-fd3g3-msre8,/shows/2025-2026/davinciaudition/,show -> custom post type
/blog/2018/sexiest-9glhh,/news/2018/sexiest-9glhh/,blog post -> news
/blog/2025/revenge-s2keg,/news/2025/revenge-s2keg/,blog post -> news
/blog/20252026/springclass,/shows/2025-2026/springclass/,show -> custom post type
/blog/2018/sexiest,/news/2018/sexiest/,blog post -> news
/blog/20252026/otshijinx,/shows/2025-2026/otshijinx/,show -> custom post type
/blog/20242025/oneman-4w9jr-89y5p,/shows/2024-2025/oneman/,show -> custom post type
/blog/20252026/springawakeningaudition,/shows/2025-2026/springawakeningaudition/,show -> custom post type
/blog/20232024/danceharry,/shows/2023-2024/danceharry/,show -> custom post type
/blog/2019/inclement-weather-information-xpp5l,/news/2019/inclement-weather-information-xpp5l/,blog post -> news
/blog/2022/spring-education-2022-bgrgt-267bt-xse3d-sgdlr-ajmyl-s5bfx,/news/2022/spring-education-2022-bgrgt-267bt-xse3d-sgdlr-ajmyl-s5bfx/,blog post -> news
/blog/20252026/summercamp,/shows/2025-2026/summercamp/,show -> custom post type
/blog/2025/revenge,/news/2025/revenge/,blog post -> news
/blog/20232024/fiddlerauditions-nrpky,/shows/2023-2024/fiddlerauditions-nrpky/,show -> custom post type
/blog/20232024/wrong-gfw6d,/shows/2023-2024/wrong/,show -> custom post type
/blog/20212022/covidprotocols-j2l2r,/shows/2021-2022/covidprotocols/,show -> custom post type
/blog/20232024/fiddlerauditions,/shows/2023-2024/fiddlerauditions/,show -> custom post type
/blog/summer24,/news/summer24/,blog post -> news
/blog/20232024/mouseauditions,/shows/2023-2024/mouseauditions/,show -> custom post type
/blog/20242025/oneman,/shows/2024-2025/oneman/,show -> custom post type
/blog/20242025/mousetrap,/shows/2024-2025/mousetrap/,show -> custom post type
/blog/20242025/fiddler,/shows/2024-2025/fiddler/,show -> custom post type
/blog/20242025/oneman-4w9jr,/shows/2024-2025/oneman/,show -> custom post type
/blog/20242025/curious,/shows/2024-2025/curious/,show -> custom post type
/blog/20242025/curious-y7xjc,/shows/2024-2025/curious/,show -> custom post type
/blog/20242025/bug,/shows/2024-2025/bug/,show -> custom post type
/blog/20242025/rocky,/shows/2024-2025/rocky/,show -> custom post type
/blog/20232024/wrong,/shows/2023-2024/wrong/,show -> custom post type
/blog/20232024/misery,/shows/2023-2024/misery/,show -> custom post type
/blog/20232024/rudolph,/shows/2023-2024/rudolph/,show -> custom post type
/blog/20232024/dollshouse2,/shows/2023-2024/dollshouse2/,show -> custom post type
/blog/20232024/rent,/shows/2023-2024/rent/,show -> custom post type
/blog/board/em,/news/board/em/,blog post -> news
/blog/board/kay,/news/board/kay/,blog post -> news
/blog/board/sam,/news/board/sam/,blog post -> news
/blog/board/trevor,/news/board/trevor/,blog post -> news
/blog/20232024/almostmaine,/shows/2023-2024/almostmaine/,show -> custom post type
/blog/20232024/mississippi,/shows/2023-2024/mississippi/,show -> custom post type
/blog/2018/montreal,/news/2018/montreal/,blog post -> news
/blog/20252026/productionteam,/shows/2025-2026/productionteam/,show -> custom post type
/blog/20252026/springawakeningaudition-gxgle,/shows/2025-2026/springawakeningaudition-gxgle/,show -> custom post type
/blog/2021/now-hiring-education-director-eyg5f-wwwl7,/news/2021/now-hiring-education-director-eyg5f-wwwl7/,blog post -> news
/blog/20232024/springclasses2024-g3njx-fmnt9-ddk2,/shows/2023-2024/springclasses2024/,show -> custom post type
/blog/20222023/lion-br6d8-984h5,/shows/2022-2023/lion/,show -> custom post type
/blog/20252026/directors,/shows/2025-2026/directors/,show -> custom post type
/blog/2021/now-hiring-education-director-eyg5f,/news/2021/now-hiring-education-director-eyg5f/,blog post -> news
/blog/2018/shipwrecked-3ywjl,/news/2018/shipwrecked-3ywjl/,blog post -> news
/blog/20232024/guvnor,/shows/2023-2024/guvnor/,show -> custom post type
/blog/2018/shipwrecked,/news/2018/shipwrecked/,blog post -> news
/blog/20232024/findingnemokids-g3njx,/shows/2023-2024/findingnemokids/,show -> custom post type
/blog/20232024/deltaauditions,/shows/2023-2024/deltaauditions/,show -> custom post type
/blog/2018/offtheshelfempire,/news/2018/offtheshelfempire/,blog post -> news
/blog/20242025/dog,/shows/2024-2025/dog/,show -> custom post type
/blog/20232024/audmaine,/shows/2023-2024/audmaine/,show -> custom post type
/blog/20232024/fiddlerauditions-nf9gf,/shows/2023-2024/fiddlerauditions/,show -> custom post type
/blog/2022/spring-education-2022-bgrgt-267bt-xse3d-sgdlr-ajmyl,/news/2022/spring-education-2022-bgrgt-267bt-xse3d-sgdlr-ajmyl/,blog post -> news
/blog/20232024/rudolphjr,/shows/2023-2024/rudolphjr/,show -> custom post type
/blog/2022annualfund-gf5fk,/news/2022annualfund-gf5fk/,blog post -> news
/blog/2025/knockemdead,/news/2025/knockemdead/,blog post -> news
/blog/2022/kaleidoscope-page,/news/2022/kaleidoscope-page/,blog post -> news
/blog/2019/murdermystery2024,/news/2019/murdermystery2024/,blog post -> news
/blog/20232024/audmisery-4479k-ftkay-eg24m,/shows/2023-2024/audmisery-4479k-ftkay/,show -> custom post type
/blog/2018/offtheshelfrevolution-6xwxa-24bb7,/news/2018/offtheshelfrevolution-6xwxa-24bb7/,blog post -> news
/blog/2018/offtheshelfrevolution-6xwxa,/news/2018/offtheshelfrevolution-6xwxa/,blog post -> news
/blog/2019/summercamppoppins-rpwsh-6pgye,/news/2019/summercamppoppins-rpwsh-6pgye/,blog post -> news
/blog/20232024/audmisery-4479k-ftkay,/shows/2023-2024/audmisery-4479k-ftkay/,show -> custom post type
/blog/20222023/steel,/shows/2022-2023/steel/,show -> custom post type
/blog/20222023/murder,/shows/2022-2023/murder/,show -> custom post type
/blog/20232024/audmisery-4479k,/shows/2023-2024/audmisery/,show -> custom post type
/blog/20222023/xmasstory,/shows/2022-2023/xmasstory/,show -> custom post type
/blog/20222023/poboy,/shows/2022-2023/poboy/,show -> custom post type
/blog/20222023/rock,/shows/2022-2023/rock/,show -> custom post type
/blog/20222023/significant,/shows/2022-2023/significant/,show -> custom post type
/blog/2022/spring-education-2022-bgrgt-267bt-xse3d-sgdlr,/news/2022/spring-education-2022-bgrgt-267bt-xse3d-sgdlr/,blog post -> news
/blog/20222023/shawshank,/shows/2022-2023/shawshank/,show -> custom post type
/blog/20232024/fiddlerauditions-nrpky-twrnx,/shows/2023-2024/fiddlerauditions-nrpky-twrnx/,show -> custom post type
/blog/20222023/lion-br6d8-984h5-czra9-z26wf,/shows/2022-2023/lion/,show -> custom post type
/blog/2019/murdermystery2024-77bfe,/news/2019/murdermystery2024-77bfe/,blog post -> news
/blog/2021/russell-5tgd7-smmxm,/news/2021/russell-5tgd7-smmxm/,blog post -> news
/blog/2021/russell-5tgd7-fbr6k,/news/2021/russell-5tgd7-fbr6k/,blog post -> news
/blog/2021/russell-5tgd7,/news/2021/russell-5tgd7/,blog post -> news
/blog/2021/russell-wgwef,/news/2021/russell-wgwef/,blog post -> news
/blog/20232024/audmisery,/shows/2023-2024/audmisery/,show -> custom post type
/blog/20222023/lion-br6d8-984h5-czra9,/shows/2022-2023/lion/,show -> custom post type
/blog/merchandise,/news/merchandise/,blog post -> news
/blog/2025/grab-dinner-at-harbor-lights,/news/2025/grab-dinner-at-harbor-lights/,blog post -> news
/blog/20222023/significantaudition-rrpga,/shows/2022-2023/significantaudition-rrpga/,show -> custom post type
/blog/20242025/murdermerlot,/shows/2024-2025/murdermerlot/,show -> custom post type
/blog/2022/spring-education-2022-bgrgt-267bt-xse3d,/news/2022/spring-education-2022-bgrgt-267bt-xse3d/,blog post -> news
/blog/2022/offshelf1-7wyr7-f8j4h-f4k43,/news/2022/offshelf1-7wyr7-f8j4h-f4k43/,blog post -> news
/blog/2016/fools-play-improv-at-tlt-gwn7e-yfh46,/news/2016/fools-play-improv-at-tlt-gwn7e-yfh46/,blog post -> news
/blog/2023/summer-camps-2023,/news/2023/summer-camps-2023/,blog post -> news
/blog/2019/inclement-weather-information,/news/2019/inclement-weather-information/,blog post -> news
/blog/20232024/fiddlerauditions-nrpky-pxjk7,/shows/2023-2024/fiddlerauditions-nrpky/,show -> custom post type
/blog/fiddlerjr,/news/fiddlerjr/,blog post -> news
/blog/2022/offshelf1-7wyr7-f8j4h,/news/2022/offshelf1-7wyr7-f8j4h/,blog post -> news
/blog/2023/spring-break-camp-2023-skills-break-camp,/news/2023/spring-break-camp-2023-skills-break-camp/,blog post -> news
/blog/20222023/significantaudition-r2zm9,/shows/2022-2023/significantaudition/,show -> custom post type
/blog/2022/offshelf1-7wyr7,/news/2022/offshelf1-7wyr7/,blog post -> news
/blog/2016/fools-play-improv-at-tlt-gwn7e,/news/2016/fools-play-improv-at-tlt-gwn7e/,blog post -> news
/blog/2022/spring-education-2022-bgrgt-267bt,/news/2022/spring-education-2022-bgrgt-267bt/,blog post -> news
/blog/20222023/wintercamp,/shows/2022-2023/wintercamp/,show -> custom post type
/blog/20222023/significantaudition,/shows/2022-2023/significantaudition/,show -> custom post type
/blog/20222023/rockauditions,/shows/2022-2023/rockauditions/,show -> custom post type
/blog/2022/winter-break-2022-a-year-with-frog-and-toad,/news/2022/winter-break-2022-a-year-with-frog-and-toad/,blog post -> news
/blog/20212022/covidprotocols,/shows/2021-2022/covidprotocols/,show -> custom post type
/blog/20222023/poboyaud,/shows/2022-2023/poboyaud/,show -> custom post type
/blog/2022/ots2,/news/2022/ots2/,blog post -> news
/blog/2022/scholarship-application,/news/2022/scholarship-application/,blog post -> news
/blog/2022/offshelf1,/news/2022/offshelf1/,blog post -> news
/blog/20212022/terms,/shows/2021-2022/terms/,show -> custom post type
/blog/20212022/clue,/shows/2021-2022/clue/,show -> custom post type
/blog/20212022/clue-rhe7l,/shows/2021-2022/clue/,show -> custom post type
/blog/20212022/clue-633y7,/shows/2021-2022/clue/,show -> custom post type
/blog/20212022/clue-anzln-g52ct,/shows/2021-2022/clue-anzln/,show -> custom post type
/blog/2021/russell,/news/2021/russell/,blog post -> news
/blog/2021/ballinger,/news/2021/ballinger/,blog post -> news
/blog/20212022/clue-anzln-g52ct-dwpf6,/shows/2021-2022/clue-anzln/,show -> custom post type
/blog/20212022/clue-anzln,/shows/2021-2022/clue-anzln/,show -> custom post type
/blog/kaleidoscope-registration,/news/kaleidoscope-registration/,blog post -> news
/blog/2022/spring-education-2022-bgrgt,/news/2022/spring-education-2022-bgrgt/,blog post -> news
/blog/20222023/xmasauditions,/shows/2022-2023/xmasauditions/,show -> custom post type
/blog/20222023/lion-br6d8,/shows/2022-2023/lion/,show -> custom post type
/blog/20222023/lion,/shows/2022-2023/lion/,show -> custom post type
/blog/2022/season-2020-2021,/news/2022/season-2020-2021/,blog post -> news
/blog/20222023/seasontix,/shows/2022-2023/seasontix/,show -> custom post type
/blog/20222023/steelaud,/shows/2022-2023/steelaud/,show -> custom post type
/blog/20212022/cryitout,/shows/2021-2022/cryitout/,show -> custom post type
/blog/20212022/seasontickets,/shows/2021-2022/seasontickets/,show -> custom post type
/blog/20212022/june19,/shows/2021-2022/june19/,show -> custom post type
/blog/20212022/alltogethernow,/shows/2021-2022/alltogethernow/,show -> custom post type
/blog/2022/spring-education-2022,/news/2022/spring-education-2022/,blog post -> news
/blog/20212022/auditionsclue,/shows/2021-2022/auditionsclue/,show -> custom post type
/blog/2019/summercamppoppins-rpwsh-dkt88,/news/2019/summercamppoppins-rpwsh-dkt88/,blog post -> news
/blog/2022/summercamp,/news/2022/summercamp/,blog post -> news
/blog/2019/summercamppoppins-rpwsh,/news/2019/summercamppoppins-rpwsh/,blog post -> news
/blog/2122/offtheshelfboudica,/news/2122/offtheshelfboudica/,blog post -> news
/blog/20212022/theguys,/shows/2021-2022/theguys/,show -> custom post type
/blog/20212022/auditionsoz-bpk42,/shows/2021-2022/auditionsoz/,show -> custom post type
/blog/20212022/auditionssky-jxcgy,/shows/2021-2022/auditionssky-jxcgy/,show -> custom post type
/blog/2018/offtheshelfrevolution-7lpkw-eydma-tfp5d-j22jm,/news/2018/offtheshelfrevolution-7lpkw-eydma-tfp5d-j22jm/,blog post -> news
/blog/20212022/auditionsoz,/shows/2021-2022/auditionsoz/,show -> custom post type
/blog/2021/falled-lc9tl,/news/2021/falled-lc9tl/,blog post -> news
/blog/2021/summerallages,/news/2021/summerallages/,blog post -> news
/blog/2018/offtheshelfrevolution-7lpkw-eydma-tfp5d,/news/2018/offtheshelfrevolution-7lpkw-eydma-tfp5d/,blog post -> news
/blog/2019/summercamppoppins-rpwsh-jzptm,/news/2019/summercamppoppins-rpwsh-jzptm/,blog post -> news
/blog/2019/spacies,/news/2019/spacies/,blog post -> news
/blog/2019/choruslineaudition-rr6em,/news/2019/choruslineaudition-rr6em/,blog post -> news
/blog/2020/catmates2021,/news/2020/catmates2021/,blog post -> news
/blog/20212022/alltogetheraud,/shows/2021-2022/alltogetheraud/,show -> custom post type
/blog/2020/skin-nemtj,/news/2020/skin-nemtj/,blog post -> news
/blog/20212022/auditionssky,/shows/2021-2022/auditionssky/,show -> custom post type
/blog/2021/summercamp,/news/2021/summercamp/,blog post -> news
/blog/2021/falled,/news/2021/falled/,blog post -> news
/blog/20212022/corndog,/shows/2021-2022/corndog/,show -> custom post type
/blog/2021/now-hiring-education-director,/news/2021/now-hiring-education-director/,blog post -> news
/blog/2021/kremer,/news/2021/kremer/,blog post -> news
/blog/2021/valenzuela,/news/2021/valenzuela/,blog post -> news
/blog/2021/hayes,/news/2021/hayes/,blog post -> news
/blog/2021/clausell,/news/2021/clausell/,blog post -> news
/blog/2021/tlt-wins-national-award,/news/2021/tlt-wins-national-award/,blog post -> news
/blog/20222023/steelaud-8al6z,/shows/2022-2023/steelaud/,show -> custom post type
/blog/2020/minidoka,/news/2020/minidoka/,blog post -> news
/blog/2019/covid19-38xd9,/news/2019/covid19-38xd9/,blog post -> news
/blog/2019/castmatesjcs,/news/2019/castmatesjcs/,blog post -> news
/blog/2019/spacies-4kzgl,/news/2019/spacies-4kzgl/,blog post -> news
/blog/2021/rewildaudition,/news/2021/rewildaudition/,blog post -> news
/blog/2020/falladult-c2zcp-kpdjh,/news/2020/falladult-c2zcp-kpdjh/,blog post -> news
/blog/2021/springbreak,/news/2021/springbreak/,blog post -> news
/blog/2021/springclasses,/news/2021/springclasses/,blog post -> news
/blog/2019/castmatesvanya-z6797-yd4xh,/news/2019/castmatesvanya-z6797-yd4xh/,blog post -> news
/blog/2020/skin,/news/2020/skin/,blog post -> news
/blog/2020/minidoka-tyjt6,/news/2020/minidoka-tyjt6/,blog post -> news
/blog/2020/minidoka-7wetl,/news/2020/minidoka-7wetl/,blog post -> news
/blog/2020/hanukkahauditions,/news/2020/hanukkahauditions/,blog post -> news
/blog/2019/castmatesvanya-z6797,/news/2019/castmatesvanya-z6797/,blog post -> news
/blog/2020/finalassignment-r74ht,/news/2020/finalassignment-r74ht/,blog post -> news
/blog/2019/summercamppoppins-rpwsh-dznrc,/news/2019/summercamppoppins-rpwsh-dznrc/,blog post -> news
/blog/2019/castmatesvanya,/news/2019/castmatesvanya/,blog post -> news
/blog/2020/annualfund,/news/2020/annualfund/,blog post -> news
/blog/2020/summerweek6,/news/2020/summerweek6/,blog post -> news
/blog/2019/castmates-54bgg,/news/2019/castmates-54bgg/,blog post -> news
/blog/2019/gala,/news/2019/gala/,blog post -> news
/blog/2017/annie-katica-green,/news/2017/annie-katica-green/,blog post -> news
/blog/2020/falladult-c2zcp,/news/2020/falladult-c2zcp/,blog post -> news
/blog/2020/pageauditions,/news/2020/pageauditions/,blog post -> news
/blog/2019/castmatesgypsy-lalkt,/news/2019/castmatesgypsy-lalkt/,blog post -> news
/blog/2019/castmatesgypsy,/news/2019/castmatesgypsy/,blog post -> news
/blog/2019/castmatesmice,/news/2019/castmatesmice/,blog post -> news
/blog/2019/castmatessep25-prpec,/news/2019/castmatessep25-prpec/,blog post -> news
/blog/2019/castmatessep25,/news/2019/castmatessep25/,blog post -> news
/blog/2020/finalassignment,/news/2020/finalassignment/,blog post -> news
/blog/2019/castmatescalendargirls,/news/2019/castmatescalendargirls/,blog post -> news
/blog/2020/falladult-9ygrj,/news/2020/falladult-9ygrj/,blog post -> news
/blog/2020postponed,/news/2020postponed/,blog post -> news
/blog/2020/falladult,/news/2020/falladult/,blog post -> news
/blog/2020/fallyouth,/news/2020/fallyouth/,blog post -> news
/blog/2019/castmatesdollshouse-5mj7x,/news/2019/castmatesdollshouse-5mj7x/,blog post -> news
/blog/2019/castmatesdollshouse,/news/2019/castmatesdollshouse/,blog post -> news
/blog/2019/jedi,/news/2019/jedi/,blog post -> news
/blog/2015/george-mcclure-md,/news/2015/george-mcclure-md/,blog post -> news
/blog/2019/castmateslaura,/news/2019/castmateslaura/,blog post -> news
/blog/2017/annualfunddrive-4y34r,/news/2017/annualfunddrive-4y34r/,blog post -> news
/blog/2019/castmates-54bgg-ltef7,/news/2019/castmates-54bgg-ltef7/,blog post -> news
/blog/2015/tania,/news/2015/tania/,blog post -> news
/blog/2015/jeanette,/news/2015/jeanette/,blog post -> news
/blog/2015/martin,/news/2015/martin/,blog post -> news
/blog/20192020/calendargirls,/shows/2019-2020/calendargirls/,show -> custom post type
/blog/20192020/evildead,/shows/2019-2020/evildead/,show -> custom post type
/blog/2019/choruslineaudition,/news/2019/choruslineaudition/,blog post -> news
/blog/2019/blm,/news/2019/blm/,blog post -> news
/blog/20192020/holmes,/shows/2019-2020/holmes/,show -> custom post type
/blog/20192020/holmes-gaf4k,/shows/2019-2020/holmes/,show -> custom post type
/blog/20192020/shattering,/shows/2019-2020/shattering/,show -> custom post type
/blog/20192020/chorusline,/shows/2019-2020/chorusline/,show -> custom post type
/blog/20192020/chorusline-fnlh3,/shows/2019-2020/chorusline/,show -> custom post type
/blog/20192020/chorusline-fnlh3-akhpz,/shows/2019-2020/chorusline-fnlh3-akhpz/,show -> custom post type
/blog/2020/summersupernews,/news/2020/summersupernews/,blog post -> news
/blog/2019/castmates,/news/2019/castmates/,blog post -> news
/blog/2019/muhgrogvirtual,/news/2019/muhgrogvirtual/,blog post -> news
/blog/2019/qawithtlt-84f9e,/news/2019/qawithtlt-84f9e/,blog post -> news
/blog/2019/qawithtlt,/news/2019/qawithtlt/,blog post -> news
/blog/2020/summerweek1,/news/2020/summerweek1/,blog post -> news
/blog/2020/summerweek2,/news/2020/summerweek2/,blog post -> news
/blog/2020/summerweek4,/news/2020/summerweek4/,blog post -> news
/blog/2020/summerweek5,/news/2020/summerweek5/,blog post -> news
/blog/2020/summerweek6-en8yw,/news/2020/summerweek6-en8yw/,blog post -> news
/blog/2020/summerweek8,/news/2020/summerweek8/,blog post -> news
/blog/2019/robinhood,/news/2019/robinhood/,blog post -> news
/blog/2019/stayhomemonologues-hentd,/news/2019/stayhomemonologues-hentd/,blog post -> news
/blog/2019/tacomacreates,/news/2019/tacomacreates/,blog post -> news
/blog/2019/stayhomeadultmono,/news/2019/stayhomeadultmono/,blog post -> news
/blog/2019/stayhometap,/news/2019/stayhometap/,blog post -> news
/blog/2019/stayhomemonologues,/news/2019/stayhomemonologues/,blog post -> news
/blog/2019/covid19,/news/2019/covid19/,blog post -> news
/blog/2019/foulplay,/news/2019/foulplay/,blog post -> news
/blog/2019/wsctaboard,/news/2019/wsctaboard/,blog post -> news
/blog/2019/termsaudition-8fkje,/news/2019/termsaudition-8fkje/,blog post -> news
/blog/2019/laramie10,/news/2019/laramie10/,blog post -> news
/blog/2019/muhgrog157158-fjne9,/news/2019/muhgrog157158-fjne9/,blog post -> news
/blog/2019/horsin,/news/2019/horsin/,blog post -> news
/blog/2019/grittyprivate,/news/2019/grittyprivate/,blog post -> news
/blog/2018/springeducation-73prh-t9ly4-645bw-espsf,/news/2018/springeducation-73prh-t9ly4-645bw-espsf/,blog post -> news
/blog/2019/wintered,/news/2019/wintered/,blog post -> news
/blog/2019/muhgrog157158,/news/2019/muhgrog157158/,blog post -> news
/blog/2019/fuddy-dha7r,/news/2019/fuddy-dha7r/,blog post -> news
/blog/2019/termsaudition,/news/2019/termsaudition/,blog post -> news
/blog/2019/fuddy,/news/2019/fuddy/,blog post -> news
/blog/2019/shatteringauditions-5n88x,/news/2019/shatteringauditions-5n88x/,blog post -> news
/blog/2018/murderbymerlot-xgbbm-sk9e2,/news/2018/murderbymerlot-xgbbm-sk9e2/,blog post -> news
/blog/2018/offtheshelfrevolution-7lpkw-eydma,/news/2018/offtheshelfrevolution-7lpkw-eydma/,blog post -> news
/blog/2019/holmesauditions,/news/2019/holmesauditions/,blog post -> news
/blog/2019/holmesauditions-nf2bd,/news/2019/holmesauditions-nf2bd/,blog post -> news
/blog/2018/springeducation-73prh-kw3jp,/news/2018/springeducation-73prh-kw3jp/,blog post -> news
/blog/donationrequest,/news/donationrequest/,blog post -> news
/blog/2015/randy-clark-dbs3d,/news/2015/randy-clark-dbs3d/,blog post -> news
/blog/2019/season101,/news/2019/season101/,blog post -> news
/blog/2019/seussicalcamp,/news/2019/seussicalcamp/,blog post -> news
/blog/2019/fotoloose,/news/2019/fotoloose/,blog post -> news
/blog/2019/marypoppins,/news/2019/marypoppins/,blog post -> news
/blog/2019/pillowmannationals,/news/2019/pillowmannationals/,blog post -> news
/blog/2019/pillowmanfestival,/news/2019/pillowmanfestival/,blog post -> news
/blog/2017/jennyhubbard,/news/2017/jennyhubbard/,blog post -> news
/blog/2018/springeducation-73prh-t9ly4-645bw-jww8t,/news/2018/springeducation-73prh-t9ly4-645bw-jww8t/,blog post -> news
/blog/2018/springeducation-73prh-t9ly4-645bw-x768b-9rkry,/news/2018/springeducation-73prh-t9ly4-645bw-x768b-9rkry/,blog post -> news
/blog/2018/broadwayolympia,/news/2018/broadwayolympia/,blog post -> news
/blog/2018/100seasongala,/news/2018/100seasongala/,blog post -> news
/blog/2018/offtheshelfrevolution,/news/2018/offtheshelfrevolution/,blog post -> news
/blog/2018/mulanjr,/news/2018/mulanjr/,blog post -> news
/blog/2018/mulanjr-hh87h,/news/2018/mulanjr-hh87h/,blog post -> news
/blog/20182019/foreigner,/shows/2018-2019/foreigner/,show -> custom post type
/blog/20182019/bellbookcandle,/shows/2018-2019/bellbookcandle/,show -> custom post type
/blog/20182019/scrooge,/shows/2018-2019/scrooge/,show -> custom post type
/blog/20182019/dollshouse,/shows/2018-2019/dollshouse/,show -> custom post type
/blog/20182019/nightmusic,/shows/2018-2019/nightmusic/,show -> custom post type
/blog/20182019/laura,/shows/2018-2019/laura/,show -> custom post type
/blog/20182019/hayfever,/shows/2018-2019/hayfever/,show -> custom post type
/blog/2019/grittyapril,/news/2019/grittyapril/,blog post -> news
/blog/2019/muhgrog-t3kr3,/news/2019/muhgrog-t3kr3/,blog post -> news
/blog/20182019/sophie,/shows/2018-2019/sophie/,show -> custom post type
/blog/2018/calendarauditions,/news/2018/calendarauditions/,blog post -> news
/blog/2019/muhgrog,/news/2019/muhgrog/,blog post -> news
/blog/2019/evildeadauditions,/news/2019/evildeadauditions/,blog post -> news
/blog/2017/honey-a76cy-3nefp,/news/2017/honey-a76cy-3nefp/,blog post -> news
/blog/2018/100seasongala-3mk7k,/news/2018/100seasongala-3mk7k/,blog post -> news
/blog/2018/cyranproductions,/news/2018/cyranproductions/,blog post -> news
/blog/2018/offtheshelfrevolution-gjkhz,/news/2018/offtheshelfrevolution-gjkhz/,blog post -> news
/blog/2019/springeducation-kndsr,/news/2019/springeducation-kndsr/,blog post -> news
/blog/2019/summercampseuss,/news/2019/summercampseuss/,blog post -> news
/blog/2019/summercamppoppins,/news/2019/summercamppoppins/,blog post -> news
/blog/2018/offtheshelfrevolution-7lpkw,/news/2018/offtheshelfrevolution-7lpkw/,blog post -> news
/blog/2018/springeducation-73prh-t9ly4-645bw-x768b,/news/2018/springeducation-73prh-t9ly4-645bw-x768b/,blog post -> news
/blog/2018/murderbymerlot-xgbbm,/news/2018/murderbymerlot-xgbbm/,blog post -> news
/blog/2018/lauraauditions-af84x,/news/2018/lauraauditions-af84x/,blog post -> news
/blog/2016/365days,/news/2016/365days/,blog post -> news
/blog/2019/summercamppoppins-tb7p2,/news/2019/summercamppoppins-tb7p2/,blog post -> news
/blog/2017/annualfunddrive,/news/2017/annualfunddrive/,blog post -> news
/blog/2017/legally-blond-jr,/news/2017/legally-blond-jr/,blog post -> news
/blog/2016/98th-season-opening-gala-and-silent-auction-ewp7l,/news/2016/98th-season-opening-gala-and-silent-auction-ewp7l/,blog post -> news
/blog/2016/the-underpants-5ypj7,/news/2016/the-underpants-5ypj7/,blog post -> news
/blog/2016/the-underpants-5ypj7-yzws8,/news/2016/the-underpants-5ypj7-yzws8/,blog post -> news
/blog/2016/the-underpants-5ypj7-em9m8,/news/2016/the-underpants-5ypj7-em9m8/,blog post -> news
/blog/2016/the-underpants-5ypj7-em9m8-l4mjh,/news/2016/the-underpants-5ypj7-em9m8-l4mjh/,blog post -> news
/blog/2016/the-underpants-5ypj7-em9m8-l4mjh-y6c62,/news/2016/the-underpants-5ypj7-em9m8-l4mjh-y6c62/,blog post -> news
/blog/2016/the-underpants-5ypj7-em9m8-l4mjh-y6c62-hkpgb,/news/2016/the-underpants-5ypj7-em9m8-l4mjh-y6c62-hkpgb/,blog post -> news
/blog/2016/the-underpants-5ypj7-em9m8-l4mjh-y6c62-hkpgb-86s8n,/news/2016/the-underpants-5ypj7-em9m8-l4mjh-y6c62-hkpgb-86s8n/,blog post -> news
/blog/2017/auditions-for-blithe-spirit,/news/2017/auditions-for-blithe-spirit/,blog post -> news
/blog/2017/auditions-for-rumors,/news/2017/auditions-for-rumors/,blog post -> news
/blog/2018/springeducation,/news/2018/springeducation/,blog post -> news
/blog/2016/after-school-tlt-dracula-elpss,/news/2016/after-school-tlt-dracula-elpss/,blog post -> news
/blog/2017/agentandtheactor,/news/2017/agentandtheactor/,blog post -> news
/blog/2019/summerfootloose,/news/2019/summerfootloose/,blog post -> news
/blog/2017/the-death-of-dr-pepper-a-murder-mystery-dinner,/news/2017/the-death-of-dr-pepper-a-murder-mystery-dinner/,blog post -> news
/blog/2017/gritty-city-sirens-present-boobtube-62hcx,/news/2017/gritty-city-sirens-present-boobtube-62hcx/,blog post -> news
/blog/2018/offtheshelfmeasure,/news/2018/offtheshelfmeasure/,blog post -> news
/blog/2018/murderbymerlot,/news/2018/murderbymerlot/,blog post -> news
/blog/2018/condotokillfor,/news/2018/condotokillfor/,blog post -> news
/blog/2017/gritty-city-sirens-present-boobtube,/news/2017/gritty-city-sirens-present-boobtube/,blog post -> news
/blog/2018/deathbyvalentine,/news/2018/deathbyvalentine/,blog post -> news
/blog/2018/springeducation-73prh-t9ly4,/news/2018/springeducation-73prh-t9ly4/,blog post -> news
/blog/2019/blueforge,/news/2019/blueforge/,blog post -> news
/blog/2017/second-samuel-festival-performances,/news/2017/second-samuel-festival-performances/,blog post -> news
/blog/2017/honey-a76cy,/news/2017/honey-a76cy/,blog post -> news
/blog/2019/sophieauditions,/news/2019/sophieauditions/,blog post -> news
/blog/2018/veteransdayproject,/news/2018/veteransdayproject/,blog post -> news
/blog/2018/condotokillfor-9gb5f,/news/2018/condotokillfor-9gb5f/,blog post -> news
/blog/2017/cyrano-de-burger-shack-a-clubtlt-summer-production-frlk2-z29c7,/news/2017/cyrano-de-burger-shack-a-clubtlt-summer-production-frlk2-z29c7/,blog post -> news
/blog/2018/auditions-for-macbeth,/news/2018/auditions-for-macbeth/,blog post -> news
/blog/2017/honey-a76cy-epksn,/news/2017/honey-a76cy-epksn/,blog post -> news
/blog/2017/honey-a76cy-3nefp-58mtg,/news/2017/honey-a76cy-3nefp-58mtg/,blog post -> news
/blog/2017/club-tlt-spring-recital,/news/2017/club-tlt-spring-recital/,blog post -> news
/blog/2016/annual-fund-drive,/news/2016/annual-fund-drive/,blog post -> news
/blog/2018/offtheshelfpeterpan,/news/2018/offtheshelfpeterpan/,blog post -> news
/blog/2017/empathos,/news/2017/empathos/,blog post -> news
/blog/2018/springeducation-73prh-t9ly4-645bw,/news/2018/springeducation-73prh-t9ly4-645bw/,blog post -> news
/blog/2018/dollshouseaudition-jpanj,/news/2018/dollshouseaudition-jpanj/,blog post -> news
/blog/2016/parking,/news/2016/parking/,blog post -> news
/blog/2017/auditionspillow,/news/2017/auditionspillow/,blog post -> news
/blog/2018/dollshouseaudition,/news/2018/dollshouseaudition/,blog post -> news
/blog/2018/lauraauditions,/news/2018/lauraauditions/,blog post -> news
/blog/2016/wintereducation2018,/news/2016/wintereducation2018/,blog post -> news
/blog/2017/fade,/news/2017/fade/,blog post -> news
/blog/2018/grittycityvarie,/news/2018/grittycityvarie/,blog post -> news
/blog/2018/grab-a-seat-and-enjoy,/news/2018/grab-a-seat-and-enjoy/,blog post -> news
/blog/2018/muhgrog-hm4j8-7zmbm,/news/2018/muhgrog-hm4j8-7zmbm/,blog post -> news
/blog/2018/springeducation-73prh,/news/2018/springeducation-73prh/,blog post -> news
/blog/2016/three-one-acts-lemonade-the-cat-connection-second-chance,/news/2016/three-one-acts-lemonade-the-cat-connection-second-chance/,blog post -> news
/blog/2017/auditions-for-jcs,/news/2017/auditions-for-jcs/,blog post -> news
/blog/2016/98th-season-opening-gala-and-silent-auction,/news/2016/98th-season-opening-gala-and-silent-auction/,blog post -> news
/blog/2016/the-underpants,/news/2016/the-underpants/,blog post -> news
/blog/2016/miracle-on-34th-street-auditions,/news/2016/miracle-on-34th-street-auditions/,blog post -> news
/blog/2016/murder-is-served-a-murder-mystery-dinner,/news/2016/murder-is-served-a-murder-mystery-dinner/,blog post -> news
/blog/2018/muhgrog,/news/2018/muhgrog/,blog post -> news
/blog/2016/dracula,/news/2016/dracula/,blog post -> news
/blog/2016/miracle-on-34th-street,/news/2016/miracle-on-34th-street/,blog post -> news
/blog/2016/of-mice-and-men,/news/2016/of-mice-and-men/,blog post -> news
/blog/2016/gypsy,/news/2016/gypsy/,blog post -> news
/blog/2016/exit-laughing,/news/2016/exit-laughing/,blog post -> news
/blog/2016/the-man-who-shot-liberty-valance-1,/news/2016/the-man-who-shot-liberty-valance-1/,blog post -> news
/blog/2017/after-school-tlt-hansel-gretel,/news/2017/after-school-tlt-hansel-gretel/,blog post -> news
/blog/2017/cyrano-de-burger-shack-a-clubtlt-summer-production,/news/2017/cyrano-de-burger-shack-a-clubtlt-summer-production/,blog post -> news
/blog/2016/stop-kiss-presented-by-found-space-productions,/news/2016/stop-kiss-presented-by-found-space-productions/,blog post -> news
/blog/2016/after-school-tlt-dracula,/news/2016/after-school-tlt-dracula/,blog post -> news
/blog/2017/cyrano-de-burger-shack-a-clubtlt-summer-production-frlk2,/news/2017/cyrano-de-burger-shack-a-clubtlt-summer-production-frlk2/,blog post -> news
/blog/2016/high-school-musical,/news/2016/high-school-musical/,blog post -> news
/blog/2017/mrs-smith-goes-to-washington,/news/2017/mrs-smith-goes-to-washington/,blog post -> news
/blog/2016/the-last-escape-a-puzzle-room,/news/2016/the-last-escape-a-puzzle-room/,blog post -> news
/blog/2018/summercampmulan,/news/2018/summercampmulan/,blog post -> news
/blog/2016/dracula-auditions,/news/2016/dracula-auditions/,blog post -> news
/blog/2016/like-you-like-it-presented-by-clubtlt,/news/2016/like-you-like-it-presented-by-clubtlt/,blog post -> news
/blog/2017/the-incredible-undersea-trial-of-joseph-p-lawnboy,/news/2017/the-incredible-undersea-trial-of-joseph-p-lawnboy/,blog post -> news
/blog/2016/98th-season-tickets,/news/2016/98th-season-tickets/,blog post -> news
/blog/2017/peter-pan-jr,/news/2017/peter-pan-jr/,blog post -> news
/blog/2016/the-fortune-teller-presented-by-opera-elect,/news/2016/the-fortune-teller-presented-by-opera-elect/,blog post -> news
/blog/2016/aladdin-jr,/news/2016/aladdin-jr/,blog post -> news
/blog/2016/a-benefit-for-orlando,/news/2016/a-benefit-for-orlando/,blog post -> news
/blog/2016/the-underpants-auditions,/news/2016/the-underpants-auditions/,blog post -> news
/blog/2016/a-piece-of-my-heart,/news/2016/a-piece-of-my-heart/,blog post -> news
/blog/2016/the-ozzie-fuhrmann-swing-band,/news/2016/the-ozzie-fuhrmann-swing-band/,blog post -> news
/blog/2017/auditions-for-seussical,/news/2017/auditions-for-seussical/,blog post -> news
/blog/2017/love-loss-and-what-i-wore,/news/2017/love-loss-and-what-i-wore/,blog post -> news
/blog/2015/boeing-boeing,/news/2015/boeing-boeing/,blog post -> news
/blog/2015/rabbit-hole,/news/2015/rabbit-hole/,blog post -> news
/blog/2015/a-christmas-story,/news/2015/a-christmas-story/,blog post -> news
/blog/2015/second-samuel,/news/2015/second-samuel/,blog post -> news
/blog/2015/the-last-night-of-ballyhoo,/news/2015/the-last-night-of-ballyhoo/,blog post -> news
/blog/2016/of-mice-and-men-auditions,/news/2016/of-mice-and-men-auditions/,blog post -> news
/blog/2015/vanya-sonia-masha-and-spike,/news/2015/vanya-sonia-masha-and-spike/,blog post -> news
/blog/2017/audition-master-class-with-kip-niven,/news/2017/audition-master-class-with-kip-niven/,blog post -> news
/blog/2017/auditions-for-exit-laughing,/news/2017/auditions-for-exit-laughing/,blog post -> news
/blog/2016/gypsy-auditions,/news/2016/gypsy-auditions/,blog post -> news
/blog/2015/smokey-joes-cafe,/news/2015/smokey-joes-cafe/,blog post -> news
/blog/2016/gritty-city-sirens,/news/2016/gritty-city-sirens/,blog post -> news
/blog/2016/birds-from-the-thicket,/news/2016/birds-from-the-thicket/,blog post -> news
/blog/2016/noises-off,/news/2016/noises-off/,blog post -> news
/blog/2016/summer-camp-2016-aladdin,/news/2016/summer-camp-2016-aladdin/,blog post -> news
/blog/2016/summer-camp-2016-high-school-musical,/news/2016/summer-camp-2016-high-school-musical/,blog post -> news
/blog/2016/fools-play-improv-at-tlt,/news/2016/fools-play-improv-at-tlt/,blog post -> news
/blog/2016/the-scarlett,/news/2016/the-scarlett/,blog post -> news
/blog/2016/the-underpants-5ypj7-em9m8-jfy3x,/news/2016/the-underpants-5ypj7-em9m8-jfy3x/,blog post -> news
/blog/2016/after-school-tlt-spring-2016,/news/2016/after-school-tlt-spring-2016/,blog post -> news
/blog/2016/top-girls,/news/2016/top-girls/,blog post -> news
/blog/2018/grittycityboobtubeseason2,/news/2018/grittycityboobtubeseason2/,blog post -> news
/blog/2016/summer-camp-2016,/news/2016/summer-camp-2016/,blog post -> news
/blog/2018/scroogeaudition,/news/2018/scroogeaudition/,blog post -> news
/blog/2016/city-line-the-last-night-of-ballyhoo,/news/2016/city-line-the-last-night-of-ballyhoo/,blog post -> news
/blog/2016/lit-aloud-an-off-the-shelf-event,/news/2016/lit-aloud-an-off-the-shelf-event/,blog post -> news
/blog/2016/offtheshelfbeverly,/news/2016/offtheshelfbeverly/,blog post -> news
/blog/2017/honeymoon-from-hell,/news/2017/honeymoon-from-hell/,blog post -> news
/blog/2017/honey,/news/2017/honey/,blog post -> news
/blog/2018/auditionsbellbookcandle,/news/2018/auditionsbellbookcandle/,blog post -> news
/blog/2018/auditionsforeigner,/news/2018/auditionsforeigner/,blog post -> news
/blog/2018/auditionsveteransday,/news/2018/auditionsveteransday/,blog post -> news
/blog/2016/vanya-and-sonia-and-masha-and-spike-auditions,/news/2016/vanya-and-sonia-and-masha-and-spike-auditions/,blog post -> news
/blog/2016/the-tenth-muse-off-the-shelf,/news/2016/the-tenth-muse-off-the-shelf/,blog post -> news
/blog/2016/after-school-tlt-robin-hood,/news/2016/after-school-tlt-robin-hood/,blog post -> news
/blog/2015/camp-tlt-winter-2016,/news/2015/camp-tlt-winter-2016/,blog post -> news
/blog/2018/muhgrog-hm4j8,/news/2018/muhgrog-hm4j8/,blog post -> news
/blog/2015/city-line-interview-a-christmas-story,/news/2015/city-line-interview-a-christmas-story/,blog post -> news
/blog/2015/murder-on-the-movie-set,/news/2015/murder-on-the-movie-set/,blog post -> news
/blog/2015/the-last-night-of-ballyhoo-auditions,/news/2015/the-last-night-of-ballyhoo-auditions/,blog post -> news
/blog/2015/education-program,/news/2015/education-program/,blog post -> news
/blog/2017/auditions-for-lesser-god,/news/2017/auditions-for-lesser-god/,blog post -> news
/blog/2015/city-line-interview,/news/2015/city-line-interview/,blog post -> news
/blog/2015/fred-meyer-community-rewards-helps-tlt,/news/2015/fred-meyer-community-rewards-helps-tlt/,blog post -> news
/blog/2015/c-ellen-peters,/news/2015/c-ellen-peters/,blog post -> news
/blog/2015/donna-kundson,/news/2015/donna-kundson/,blog post -> news
/blog/2015/a-few-good-men,/news/2015/a-few-good-men/,blog post -> news
/blog/2015/oliver-1,/news/2015/oliver-1/,blog post -> news
/blog/2015/katherine-davis,/news/2015/katherine-davis/,blog post -> news
/blog/2015/heidi-walworth-horn,/news/2015/heidi-walworth-horn/,blog post -> news
/blog/2015/tomorrow-tomorrow,/news/2015/tomorrow-tomorrow/,blog post -> news
/blog/2015/97th-season-opening-gala,/news/2015/97th-season-opening-gala/,blog post -> news
/blog/2015/5/11/the-music-man-junior,/news/2015/5/11/the-music-man-junior/,blog post -> news
/blog/2015/second-samuel-auditions,/news/2015/second-samuel-auditions/,blog post -> news
/blog/2015/the-legend-of-sleepy-hollow,/news/2015/the-legend-of-sleepy-hollow/,blog post -> news
/blog/2016/a-day-in-the-death-of-joe,/news/2016/a-day-in-the-death-of-joe/,blog post -> news
/blog/2015/rabbit-hole-auditions,/news/2015/rabbit-hole-auditions/,blog post -> news
/blog/2015/amazon-smile,/news/2015/amazon-smile/,blog post -> news
/blog/20212022/seasontix,/shows/2021-2022/seasontix/,show -> custom post type
/blog/2015/beauty-and-the-beast-jr-performances,/news/2015/beauty-and-the-beast-jr-performances/,blog post -> news
/blog/2015/97th-season-auditions-1,/news/2015/97th-season-auditions-1/,blog post -> news
/blog/2015/ouroboros-shadow-pictures-presents-the-history-of-waking-up,/news/2015/ouroboros-shadow-pictures-presents-the-history-of-waking-up/,blog post -> news
/blog/2015/all-the-great-books,/news/2015/all-the-great-books/,blog post -> news
/blog/2015/smokey-joes-cafe-auditions,/news/2015/smokey-joes-cafe-auditions/,blog post -> news
/blog/2015/club-tlt,/news/2015/club-tlt/,blog post -> news
/blog/2015/stay-cool-at-tlt,/news/2015/stay-cool-at-tlt/,blog post -> news
/blog/2015/a-midsummer-nights-dream,/news/2015/a-midsummer-nights-dream/,blog post -> news
/blog/2015/cabaret-pictures-1,/news/2015/cabaret-pictures-1/,blog post -> news
/blog/2015/dial-m-for-murder,/news/2015/dial-m-for-murder/,blog post -> news
/blog/2015/scrooge-the-musical,/news/2015/scrooge-the-musical/,blog post -> news
/blog/2015/the-great-gatsby,/news/2015/the-great-gatsby/,blog post -> news
/blog/2015/picasso-at-the-lapin-agile,/news/2015/picasso-at-the-lapin-agile/,blog post -> news
/blog/2015/the-fox-on-the-fairway,/news/2015/the-fox-on-the-fairway/,blog post -> news
/blog/2015/the-mystery-of-edwin-drood,/news/2015/the-mystery-of-edwin-drood/,blog post -> news
/blog/2015/cabaret,/news/2015/cabaret/,blog post -> news
/blog/2015/2012-2013,/news/2015/2012-2013/,blog post -> news
/blog/2015/2011-2012,/news/2015/2011-2012/,blog post -> news
/blog/2015/2010-2011,/news/2015/2010-2011/,blog post -> news
/blog/2015/managing-artistic-director,/news/2015/managing-artistic-director/,blog post -> news
/blog/2015/technical-director,/news/2015/technical-director/,blog post -> news
/blog/2015/office-manager-373ag,/news/2015/office-manager-373ag/,blog post -> news
/blog/2015/office-manager-lyb47,/news/2015/office-manager-lyb47/,blog post -> news
/blog/2015/micheal-ohara,/news/2015/micheal-ohara/,blog post -> news
/blog/2015/randy-clark,/news/2015/randy-clark/,blog post -> news
/blog/2015/jen-niehaus-rivers,/news/2015/jen-niehaus-rivers/,blog post -> news
/blog/2015/2000-2010,/news/2015/2000-2010/,blog post -> news
/blog/2015/1990-2000,/news/2015/1990-2000/,blog post -> news
/blog/2015/1980-1990,/news/2015/1980-1990/,blog post -> news
/blog/2015/1970-1980,/news/2015/1970-1980/,blog post -> news
/blog/2015/1960-1970,/news/2015/1960-1970/,blog post -> news
/blog/2015/1950-1960,/news/2015/1950-1960/,blog post -> news
/blog/2015/1940-1950,/news/2015/1940-1950/,blog post -> news
/blog/2015/1930-1940,/news/2015/1930-1940/,blog post -> news
/blog/2015/1918-1930,/news/2015/1918-1930/,blog post -> news
/blog/2015/the-buddy-holly-story,/news/2015/the-buddy-holly-story/,blog post -> news
/blog/2015/5/11/the-ceremony-of-innocence,/news/2015/5/11/the-ceremony-of-innocence/,blog post -> news
/blog/2015/summer-camp,/news/2015/summer-camp/,blog post -> news
/blog/2015/the-night-of-the-iguana,/news/2015/the-night-of-the-iguana/,blog post -> news
/blog/2015/97th-season-auditions,/news/2015/97th-season-auditions/,blog post -> news
/blog/2015/5/11/beauty-and-the-beast-jr,/news/2015/5/11/beauty-and-the-beast-jr/,blog post -> news
/blog/2015/5/11/97th-season-announced,/news/2015/5/11/97th-season-announced/,blog post -> news
/blog/2017/annualfunddrive-fpemm,/news/2017/annualfunddrive-fpemm/,blog post -> news
/blog/2016/fools-play-improv-at-tlt-h6azh,/news/2016/fools-play-improv-at-tlt-h6azh/,blog post -> news
/blog/2015/lily,/news/2015/lily/,blog post -> news
/blog/2015/nick,/news/2015/nick/,blog post -> news
/blog/2015/moonlight-and-magnolias,/news/2015/moonlight-and-magnolias/,blog post -> news
/blog/2015/office-manager-373ag-9pnef-aclg5,/news/2015/office-manager-373ag-9pnef-aclg5/,blog post -> news
/blog/2015/bye-bye-birdie,/news/2015/bye-bye-birdie/,blog post -> news
/blog/2015/office-manager-373ag-9pnef-aclg5-p78cz,/news/2015/office-manager-373ag-9pnef-aclg5-p78cz/,blog post -> news
/blog/2015/chapter-two,/news/2015/chapter-two/,blog post -> news
/blog/2015/to-kill-a-mockingbird,/news/2015/to-kill-a-mockingbird/,blog post -> news
/blog/monique,/news/monique/,blog post -> news
/blog/2015/its-a-wonderful-life,/news/2015/its-a-wonderful-life/,blog post -> news
/blog/2015/the-weir,/news/2015/the-weir/,blog post -> news
/blog/2015/steele-magnolias,/news/2015/steele-magnolias/,blog post -> news
/blog/2015/the-complete-works-of-william-shakespeare-abridged-revised,/news/2015/the-complete-works-of-william-shakespeare-abridged-revised/,blog post -> news
/blog/2015/hembree,/news/2015/hembree/,blog post -> news
/blog/2015/office-manager-373ag-9pnef-aclg5-6l825,/news/2015/office-manager-373ag-9pnef-aclg5-6l825/,blog post -> news
/blog/2015/office-manager-373ag-9pnef-aclg5-6l825-l9egj,/news/2015/office-manager-373ag-9pnef-aclg5-6l825-l9egj/,blog post -> news
/blog/teagan,/news/teagan/,blog post -> news
/blog/category/Education+Program,/news/category/Education+Program/,blog post -> news
/blog/category/Other+Theatre+Shows,/news/category/Other+Theatre+Shows/,blog post -> news
/blog/category/Other+Shows,/news/category/Other+Shows/,blog post -> news
/blog/category/Staff,/news/category/Staff/,blog post -> news
/blog/category/DEI,/news/category/DEI/,blog post -> news
/blog/category/Historical+Shows,/news/category/Historical+Shows/,blog post -> news
/blog/category/Now+Playing,/news/category/Now+Playing/,blog post -> news
/blog/category/98th+Season,/news/category/98th+Season/,blog post -> news
/blog/category/95th+Season,/news/category/95th+Season/,blog post -> news
/blog/category/Board,/news/category/Board/,blog post -> news
/blog/category/Jobs,/news/category/Jobs/,blog post -> news
/blog/category/Off+the+Shelf,/news/category/Off+the+Shelf/,blog post -> news
/blog/category/Main,/news/category/Main/,blog post -> news
/blog/category/96th+Season,/news/category/96th+Season/,blog post -> news
/blog/category/Auditions,/news/category/Auditions/,blog post -> news
/blog/category/Sticky,/news/category/Sticky/,blog post -> news
/blog/category/Press,/news/category/Press/,blog post -> news
/blog/tag/1970-1980,/news/tag/1970-1980/,blog post -> news
/blog/tag/2012-2013,/news/tag/2012-2013/,blog post -> news
/blog/tag/2018-2019,/news/tag/2018-2019/,blog post -> news
/blog/tag/2015-2016,/news/tag/2015-2016/,blog post -> news
/blog/tag/1960-1970,/news/tag/1960-1970/,blog post -> news
/blog/tag/1950-1960,/news/tag/1950-1960/,blog post -> news
/blog/tag/Donation+Request,/news/tag/Donation+Request/,blog post -> news
/blog/tag/Second+Samuel+1516,/news/tag/Second+Samuel+1516/,blog post -> news
/blog/tag/2010-2020,/news/tag/2010-2020/,blog post -> news
/blog/tag/2016-2017,/news/tag/2016-2017/,blog post -> news
/blog/tag/Caberet1415,/news/tag/Caberet1415/,blog post -> news
/blog/tag/2025-2026,/news/tag/2025-2026/,blog post -> news
/blog/tag/1980-1990,/news/tag/1980-1990/,blog post -> news
/blog/tag/2022-2023,/news/tag/2022-2023/,blog post -> news
/blog/tag/2023-2024,/news/tag/2023-2024/,blog post -> news
/blog/tag/2020-2021,/news/tag/2020-2021/,blog post -> news
/blog/tag/1918-1930,/news/tag/1918-1930/,blog post -> news
/blog/tag/2013-2014,/news/tag/2013-2014/,blog post -> news
/blog/tag/2010-2011,/news/tag/2010-2011/,blog post -> news
/blog/tag/City+Line,/news/tag/City+Line/,blog post -> news
/blog/tag/2021-2022,/news/tag/2021-2022/,blog post -> news
/blog/tag/1990-2000,/news/tag/1990-2000/,blog post -> news
/blog/tag/2024-2025,/news/tag/2024-2025/,blog post -> news
/blog/tag/1940-1950,/news/tag/1940-1950/,blog post -> news
/blog/tag/2000-2010,/news/tag/2000-2010/,blog post -> news
/blog/tag/2011-2012,/news/tag/2011-2012/,blog post -> news
/blog/tag/2014-2015,/news/tag/2014-2015/,blog post -> news
/blog/tag/ChristmasStory1516,/news/tag/ChristmasStory1516/,blog post -> news
/blog/tag/2017-2018,/news/tag/2017-2018/,blog post -> news
/blog/tag/SmokeyJoesCafe1516,/news/tag/SmokeyJoesCafe1516/,blog post -> news
/blog/tag/2019-2020,/news/tag/2019-2020/,blog post -> news
/blog/tag/1930-1940,/news/tag/1930-1940/,blog post -> news
/cover,/,core page
/ticketinfo,/tickets/,core page
/volunteer,/get-involved/volunteer/,core page
/history,/about/history/,core page
/education,/education/,core page
/auditions,/get-involved/auditions/,core page
/home,/,core page
/contact,/contact/,core page
/off-the-shelf,/programs/off-the-shelf/,core page
/board-and-staff,/about/board-and-staff/,core page
/job-openings,/about/jobs/,core page
/clubtlt,/get-involved/club-tlt/,core page
/recorded-programs,/programs/recorded/,core page
/press,/about/press/,core page
/students-on-stage,/programs/students-on-stage/,core page
/flush,/programs/flush/,core page
/parking-information,/visit/parking/,core page
