source,target,code,group
/blog/board/kay,/team/kay-meier/,301,board profile
/blog/board/kay-emp99,/team/judy-zerzan-thul/,301,board profile
/blog/board/kay-njsdj,/team/athena-hitson/,301,board profile
/blog/board/kay-rdzag,/team/libby-lindstrom/,301,board profile
/blog/board/leah,/team/leah-hole-marshall/,301,board profile
/blog/board/trevor,/team/trevor-owens/,301,board profile
/blog/category/95th+Season,/news/category/95th-season/,301,category index
/blog/category/96th+Season,/news/category/96th-season/,301,category index
/blog/category/Board,/news/category/board/,301,category index
/blog/category/Education+Program,/news/category/education-program/,301,category index
/blog/category/Historical+Shows,/news/category/historical-shows/,301,category index
/blog/category/Jobs,/news/category/jobs/,301,category index
/blog/category/Off+the+Shelf,/news/category/off-the-shelf/,301,category index
/blog/category/Press,/news/category/press/,301,category index
/blog/category/Staff,/news/category/staff/,301,category index
/blog,/news/,301,core
/cover,/,301,core
/home,/,301,core
/blog/2015/1918-1930,/shows/legacy/1918-1930/,301,decade page
/blog/2015/1930-1940,/shows/legacy/1930-1940/,301,decade page
/blog/2015/1940-1950,/shows/legacy/1940-1950/,301,decade page
/blog/2015/1950-1960,/shows/legacy/1950-1960/,301,decade page
/blog/2015/1960-1970,/shows/legacy/1960-1970/,301,decade page
/blog/2015/1970-1980,/shows/legacy/1970-1980/,301,decade page
/blog/2015/1980-1990,/shows/legacy/1980-1990/,301,decade page
/blog/2015/1990-2000,/shows/legacy/1990-2000/,301,decade page
/blog/2015/2000-2010,/shows/legacy/2000-2010/,301,decade page
/blog/2015/2010-2011,/shows/legacy/2010-2011/,301,decade page
/blog/2015/2011-2012,/shows/legacy/2011-2012/,301,decade page
/blog/2015/2012-2013,/shows/legacy/2012-2013/,301,decade page
/blog/20182019/bellbookcandle,/shows/2018-2019/bell-book-and-candle-page/,301,modern_show
/blog/20182019/dollshouse,/shows/2018-2019/a-dolls-house-page/,301,modern_show
/blog/20182019/foreigner,/shows/2018-2019/foreigner-page/,301,modern_show
/blog/20182019/hayfever,/shows/2018-2019/hay-fever-page/,301,modern_show
/blog/20182019/laura,/shows/2018-2019/laura-page/,301,modern_show
/blog/20182019/nightmusic,/shows/2018-2019/a-little-night-music-page/,301,modern_show
/blog/20182019/scrooge,/shows/2018-2019/scrooge-the-musical-page/,301,modern_show
/blog/20182019/sophie,/shows/2018-2019/sophie-page/,301,modern_show
/blog/20192020/calendargirls,/shows/2019-2020/calendar-girls-page/,301,modern_show
/blog/20192020/chorusline,/shows/2019-2020/a-chorus-line-page/,301,modern_show
/blog/20192020/chorusline-fnlh3,/shows/2019-2020/terms-of-endearment-page/,301,modern_show
/blog/20192020/chorusline-fnlh3-akhpz,/shows/2019-2020/manchurian-candidate-page/,301,modern_show
/blog/20192020/evildead,/shows/2019-2020/evil-dead-page/,301,modern_show
/blog/20192020/holmes,/shows/2019-2020/holmes-for-the-holidays-page/,301,modern_show
/blog/20192020/holmes-gaf4k,/shows/2019-2020/twas-the-night-before-christmas-page/,301,modern_show
/blog/20192020/shattering,/shows/2019-2020/shattering-page/,301,modern_show
/blog/20212022/clue,/shows/2021-2022/clue-page/,301,modern_show
/blog/20212022/clue-633y7,/shows/2021-2022/a-chorus-line-page/,301,modern_show
/blog/20212022/clue-anzln,/shows/2021-2022/silent-sky-page/,301,modern_show
/blog/20212022/clue-anzln-g52ct,/shows/2021-2022/happiest-song-plays-last-page/,301,modern_show
/blog/20212022/clue-anzln-g52ct-dwpf6,/shows/2021-2022/luck-of-the-irish-page/,301,modern_show
/blog/20212022/clue-rhe7l,/shows/2021-2022/wizard-of-oz-page/,301,modern_show
/blog/20212022/terms,/shows/2021-2022/terms-of-endearment-page/,301,modern_show
/blog/20222023/murder,/shows/2022-2023/murder-on-the-orient-express/,301,modern_show
/blog/20222023/poboy,/shows/2022-2023/po-boy-tango/,301,modern_show
/blog/20222023/rock,/shows/2022-2023/rock-of-ages/,301,modern_show
/blog/20222023/seasontix,/shows/2022-2023/2026-2027-season-tickets/,301,modern_show
/blog/20222023/shawshank,/shows/2022-2023/the-shawshank-redemption/,301,modern_show
/blog/20222023/significant,/shows/2022-2023/significant-other/,301,modern_show
/blog/20222023/steel,/shows/2022-2023/steel-magnolias/,301,modern_show
/blog/20222023/xmasstory,/shows/2022-2023/a-christmas-story/,301,modern_show
/blog/20232024/almostmaine,/shows/2023-2024/almost-maine/,301,modern_show
/blog/20232024/dollshouse2,/shows/2023-2024/a-dolls-house-part-2/,301,modern_show
/blog/20232024/misery,/shows/2023-2024/misery/,301,modern_show
/blog/20232024/mississippi,/shows/2023-2024/from-the-mississippi-delta/,301,modern_show
/blog/20232024/rent,/shows/2023-2024/rent/,301,modern_show
/blog/20232024/rudolph,/shows/2023-2024/rudolph-the-red-nosed-reindeer/,301,modern_show
/blog/20232024/wrong,/shows/2023-2024/the-play-that-goes-wrong/,301,modern_show
/blog/20242025/bug,/shows/2024-2025/bug/,301,modern_show
/blog/20242025/curious,/shows/2024-2025/the-curious-incident-of-the-dog-in-the-night-time/,301,modern_show
/blog/20242025/curious-y7xjc,/shows/2024-2025/lorca-in-a-green-dress/,301,modern_show
/blog/20242025/fiddler,/shows/2024-2025/fiddler-on-the-roof/,301,modern_show
/blog/20242025/mousetrap,/shows/2024-2025/the-mousetrap/,301,modern_show
/blog/20242025/oneman,/shows/2024-2025/one-man-two-guvnors/,301,modern_show
/blog/20242025/oneman-4w9jr,/shows/2024-2025/put-in-dont-know-however-this-is-only-because-we-are-doing-this-show-again-in-december-and-may-want-this-to-copy-and-paste-content/,301,modern_show
/blog/20242025/rocky,/shows/2024-2025/rocky/,301,modern_show
/blog/20252026/bedroom,/shows/2025-2026/bedroom-farce/,301,modern_show
/blog/20252026/davinci,/shows/2025-2026/the-da-vinci-code/,301,modern_show
/blog/20252026/matilda,/shows/2025-2026/matilda/,301,modern_show
/blog/20252026/productionteam,/shows/2025-2026/now-hiring-production-team-members-for-2026-2027/,301,modern_show
/blog/20252026/sotto,/shows/2025-2026/sotto-voce/,301,modern_show
/blog/20252026/spring,/shows/2025-2026/spring-awakening/,301,modern_show
/blog/20252026/spring-bpb9w,/shows/2025-2026/the-mountaintop/,301,modern_show
/blog/20252026/summercamp,/shows/2025-2026/depending-on-when-the-site-is-launched-we-may-just-need-this-info/,301,modern_show
/blog/20252026/timemachine,/shows/2025-2026/the-time-machine/,301,modern_show
/blog/2015/a-christmas-story,/shows/legacy/a-christmas-story/,301,old show/news
/blog/2015/a-midsummer-nights-dream,/shows/legacy/a-midsummer-nights-dream/,301,old show/news
/blog/2015/amazon-smile,/shows/legacy/amazon-smile/,301,old show/news
/blog/2015/boeing-boeing,/shows/legacy/boeing-boeing/,301,old show/news
/blog/2015/bye-bye-birdie,/shows/legacy/bye-bye-birdie/,301,old show/news
/blog/2015/cabaret,/shows/legacy/cabaret/,301,old show/news
/blog/2015/cabaret-pictures-1,/shows/legacy/cabaret-pictures/,301,old show/news
/blog/2015/chapter-two,/shows/legacy/chapter-two/,301,old show/news
/blog/2015/dial-m-for-murder,/shows/legacy/dial-m-for-murder/,301,old show/news
/blog/2015/fred-meyer-community-rewards-helps-tlt,/shows/legacy/fred-meyer-community-rewards/,301,old show/news
/blog/2015/its-a-wonderful-life,/shows/legacy/its-a-wonderful-life/,301,old show/news
/blog/2015/managing-artistic-director,/team/current-managing-artistic-director-links-says-it-is-from-2015/,301,old show/news
/blog/2015/moonlight-and-magnolias,/shows/legacy/moonlight-and-magnolias/,301,old show/news
/blog/2015/nick,/team/current-ed-director/,301,old show/news
/blog/2015/office-manager-373ag-9pnef-aclg5,/team/current-lead-carpenter/,301,old show/news
/blog/2015/office-manager-373ag-9pnef-aclg5-6l825,/team/current-box-office-lead/,301,old show/news
/blog/2015/office-manager-373ag-9pnef-aclg5-p78cz,/team/current-shop-technician/,301,old show/news
/blog/2015/office-manager-lyb47,/team/current-development-director/,301,old show/news
/blog/2015/picasso-at-the-lapin-agile,/shows/legacy/picasso-at-the-lapin-agile/,301,old show/news
/blog/2015/rabbit-hole,/shows/legacy/rabbit-hole/,301,old show/news
/blog/2015/scrooge-the-musical,/shows/legacy/scrooge/,301,old show/news
/blog/2015/second-samuel,/shows/legacy/second-samuel/,301,old show/news
/blog/2015/smokey-joes-cafe,/shows/legacy/smokey-joes-cafe/,301,old show/news
/blog/2015/steele-magnolias,/shows/legacy/steel-magnolias/,301,old show/news
/blog/2015/tania,/shows/legacy/maria-tania-bandes-b-weingarden/,301,old show/news
/blog/2015/technical-director,/team/me-current-technical-director/,301,old show/news
/blog/2015/the-complete-works-of-william-shakespeare-abridged-revised,/shows/legacy/complete-works-of/,301,old show/news
/blog/2015/the-fox-on-the-fairway,/shows/legacy/fox-on-the-fairway/,301,old show/news
/blog/2015/the-great-gatsby,/shows/legacy/great-gatsby/,301,old show/news
/blog/2015/the-last-night-of-ballyhoo,/shows/legacy/last-night-of-ballyhoo/,301,old show/news
/blog/2015/the-weir,/shows/legacy/weir/,301,old show/news
/blog/2015/to-kill-a-mockingbird,/shows/legacy/to-kill-a-mockingbird/,301,old show/news
/blog/2015/vanya-sonia-masha-and-spike,/shows/legacy/vanya-and-sonia-and-masha-and-spike/,301,old show/news
/blog/2016/dracula,/shows/legacy/dracula/,301,old show/news
/blog/2016/exit-laughing,/shows/legacy/exit-laughing/,301,old show/news
/blog/2016/gypsy,/shows/legacy/gypsy/,301,old show/news
/blog/2016/miracle-on-34th-street,/shows/legacy/miracle-on-34th-street/,301,old show/news
/blog/2016/of-mice-and-men,/shows/legacy/mice-and-men/,301,old show/news
/blog/2016/parking,/shows/legacy/parking/,301,old show/news
/blog/2016/the-man-who-shot-liberty-valance-1,/shows/legacy/man-who-shot-liberty-valance/,301,old show/news
/blog/2016/the-underpants,/shows/legacy/underpants/,301,old show/news
/blog/2016/the-underpants-5ypj7,/shows/legacy/rumors/,301,old show/news
/blog/2016/the-underpants-5ypj7-em9m8,/shows/legacy/seussical/,301,old show/news
/blog/2016/the-underpants-5ypj7-em9m8-l4mjh,/shows/legacy/children-of-a-lesser-god/,301,old show/news
/blog/2016/the-underpants-5ypj7-em9m8-l4mjh-y6c62,/shows/legacy/jesus-christ-superstar/,301,old show/news
/blog/2016/the-underpants-5ypj7-em9m8-l4mjh-y6c62-hkpgb,/shows/legacy/pillowman/,301,old show/news
/blog/2016/the-underpants-5ypj7-em9m8-l4mjh-y6c62-hkpgb-86s8n,/shows/legacy/macbeth/,301,old show/news
/blog/2016/the-underpants-5ypj7-yzws8,/shows/legacy/blithe-spirit/,301,old show/news
/blog/2021/russell-5tgd7-fbr6k,/shows/legacy/jalen-c-penn/,301,old show/news
/blog/2021/russell-wgwef,/shows/legacy/ashley-young/,301,old show/news
/blog/2021/tlt-wins-national-award,/shows/legacy/tlt-wins-national-award/,301,old show/news
/blog/2021/valenzuela,/team/board-member-current-2026-may-need-to-merge/,301,old show/news
/blog/2022/scholarship-application,/shows/legacy/is-there-actually-a-link-that-people-can-use-for-scholarships-or-is-this-it/,301,uncategorized
/blog/2022/season-2020-2021,/shows/legacy/this-is-the-and-i-believe-only-page-for-the-20-21/,301,uncategorized
/blog/2025/grab-dinner-at-harbor-lights,/shows/legacy/grab-dinner-at-harbor-lights/,301,uncategorized
/blog/donationrequest,/news/donationrequest/,301,uncategorized
/blog/monique,/news/monique/,301,uncategorized
/blog/tag/1918-1930,/seasons/1918-1930/,301,uncategorized
/blog/tag/1930-1940,/seasons/1930-1940/,301,uncategorized
/blog/tag/1940-1950,/seasons/1940-1950/,301,uncategorized
/blog/tag/1950-1960,/seasons/1950-1960/,301,uncategorized
/blog/tag/1960-1970,/seasons/1960-1970/,301,uncategorized
/blog/tag/1970-1980,/seasons/1970-1980/,301,uncategorized
/blog/tag/1980-1990,/seasons/1980-1990/,301,uncategorized
/blog/tag/1990-2000,/seasons/1990-2000/,301,uncategorized
/blog/tag/2000-2010,/seasons/2000-2010/,301,uncategorized
/blog/tag/2010-2011,/seasons/2010-2011/,301,uncategorized
/blog/tag/2010-2020,/seasons/2010-2020/,301,uncategorized
/blog/tag/2011-2012,/seasons/2011-2012/,301,uncategorized
/blog/tag/2012-2013,/seasons/2012-2013/,301,uncategorized
/blog/tag/2013-2014,/seasons/2013-2014/,301,uncategorized
/blog/tag/2014-2015,/seasons/2014-2015/,301,uncategorized
/blog/tag/2015-2016,/seasons/2015-2016/,301,uncategorized
/blog/tag/2016-2017,/seasons/2016-2017/,301,uncategorized
/blog/tag/2017-2018,/seasons/2017-2018/,301,uncategorized
/blog/tag/2018-2019,/seasons/2018-2019/,301,uncategorized
/blog/tag/2019-2020,/seasons/2019-2020/,301,uncategorized
/blog/tag/2020-2021,/seasons/2020-2021/,301,uncategorized
/blog/tag/2021-2022,/seasons/2021-2022/,301,uncategorized
/blog/tag/2022-2023,/seasons/2022-2023/,301,uncategorized
/blog/tag/2023-2024,/seasons/2023-2024/,301,uncategorized
/blog/tag/2024-2025,/seasons/2024-2025/,301,uncategorized
/blog/tag/2025-2026,/seasons/2025-2026/,301,uncategorized
/blog/tag/Caberet1415,/shows/legacy/cabaret/,301,uncategorized
/blog/tag/ChristmasStory1516,/shows/legacy/a-christmas-story/,301,uncategorized
/blog/tag/Donation+Request,/shows/legacy/saw-a-duplicate-of-this-earlier/,301,uncategorized
/blog/tag/Second+Samuel+1516,/shows/legacy/second-samuel/,301,uncategorized
/blog/tag/SmokeyJoesCafe1516,/shows/legacy/smokey-joes-cafe/,301,uncategorized
/blog/teagan,/news/teagan/,301,uncategorized
/blog/2015/club-tlt,/club-tlt/,301,ClubTLT
/blog/2016/like-you-like-it-presented-by-clubtlt,/club-tlt/,301,ClubTLT
/blog/2017/club-tlt-spring-recital,/club-tlt/,301,ClubTLT
/blog/2017/cyrano-de-burger-shack-a-clubtlt-summer-production,/club-tlt/,301,ClubTLT
/blog/2017/cyrano-de-burger-shack-a-clubtlt-summer-production-frlk2,/club-tlt/,301,ClubTLT
/blog/2017/cyrano-de-burger-shack-a-clubtlt-summer-production-frlk2-z29c7,/club-tlt/,301,ClubTLT
/blog/2015/97th-season-auditions,/auditions/,301,audition post
/blog/2015/97th-season-auditions-1,/auditions/,301,audition post
/blog/2015/rabbit-hole-auditions,/auditions/,301,audition post
/blog/2015/second-samuel-auditions,/auditions/,301,audition post
/blog/2015/smokey-joes-cafe-auditions,/auditions/,301,audition post
/blog/2015/the-last-night-of-ballyhoo-auditions,/auditions/,301,audition post
/blog/2016/dracula-auditions,/auditions/,301,audition post
/blog/2016/gypsy-auditions,/auditions/,301,audition post
/blog/2016/miracle-on-34th-street-auditions,/auditions/,301,audition post
/blog/2016/of-mice-and-men-auditions,/auditions/,301,audition post
/blog/2016/the-underpants-auditions,/auditions/,301,audition post
/blog/2016/vanya-and-sonia-and-masha-and-spike-auditions,/auditions/,301,audition post
/blog/2017/audition-master-class-with-kip-niven,/auditions/,301,audition post
/blog/2017/auditions-for-blithe-spirit,/auditions/,301,audition post
/blog/2017/auditions-for-exit-laughing,/auditions/,301,audition post
/blog/2017/auditions-for-jcs,/auditions/,301,audition post
/blog/2017/auditions-for-lesser-god,/auditions/,301,audition post
/blog/2017/auditions-for-rumors,/auditions/,301,audition post
/blog/2017/auditions-for-seussical,/auditions/,301,audition post
/blog/2017/auditionspillow,/auditions/,301,audition post
/blog/2018/auditions-for-macbeth,/auditions/,301,audition post
/blog/2018/auditionsbellbookcandle,/auditions/,301,audition post
/blog/2018/auditionsforeigner,/auditions/,301,audition post
/blog/2018/auditionsveteransday,/auditions/,301,audition post
/blog/2018/calendarauditions,/auditions/,301,audition post
/blog/2018/dollshouseaudition,/auditions/,301,audition post
/blog/2018/dollshouseaudition-jpanj,/auditions/,301,audition post
/blog/2018/lauraauditions,/auditions/,301,audition post
/blog/2018/lauraauditions-af84x,/auditions/,301,audition post
/blog/2018/scroogeaudition,/auditions/,301,audition post
/blog/2019/choruslineaudition,/auditions/,301,audition post
/blog/2019/choruslineaudition-rr6em,/auditions/,301,audition post
/blog/2019/evildeadauditions,/auditions/,301,audition post
/blog/2019/holmesauditions,/auditions/,301,audition post
/blog/2019/holmesauditions-nf2bd,/auditions/,301,audition post
/blog/2019/shatteringauditions-5n88x,/auditions/,301,audition post
/blog/2019/sophieauditions,/auditions/,301,audition post
/blog/2019/termsaudition,/auditions/,301,audition post
/blog/2019/termsaudition-8fkje,/auditions/,301,audition post
/blog/2020/hanukkahauditions,/auditions/,301,audition post
/blog/2020/pageauditions,/auditions/,301,audition post
/blog/2021/rewildaudition,/auditions/,301,audition post
/blog/springawakeningauditioninfo,/auditions/,301,audition post
/blog/board/em,/news/,301,board profile
/blog/board/sam,/news/,301,board profile
/blog/category/98th+Season,/news/,301,category index
/blog/category/Auditions,/news/,301,category index
/blog/category/DEI,/news/,301,category index
/blog/category/Main,/news/,301,category index
/blog/category/Now+Playing,/news/,301,category index
/blog/category/Other+Shows,/news/,301,category index
/blog/category/Other+Theatre+Shows,/news/,301,category index
/blog/category/Sticky,/news/,301,category index
/blog/2019/covid19,/news/,301,covid notice
/blog/2019/covid19-38xd9,/news/,301,covid notice
/blog/2022/steelcovid,/news/,301,covid notice
/blog/2015/5/11/beauty-and-the-beast-jr,/education/,301,education event
/blog/2015/beauty-and-the-beast-jr-performances,/education/,301,education event
/blog/2015/camp-tlt-winter-2016,/education/,301,education event
/blog/2015/summer-camp,/education/,301,education event
/blog/2016/aladdin-jr,/education/,301,education event
/blog/2016/summer-camp-2016,/education/,301,education event
/blog/2016/summer-camp-2016-aladdin,/education/,301,education event
/blog/2016/summer-camp-2016-high-school-musical,/education/,301,education event
/blog/2017/legally-blond-jr,/education/,301,education event
/blog/2017/peter-pan-jr,/education/,301,education event
/blog/2018/mulanjr,/education/,301,education event
/blog/2018/mulanjr-hh87h,/education/,301,education event
/blog/2018/summercampmulan,/education/,301,education event
/blog/2019/seussicalcamp,/education/,301,education event
/blog/2019/summercamppoppins,/education/,301,education event
/blog/2019/summercamppoppins-rpwsh,/education/,301,education event
/blog/2019/summercamppoppins-rpwsh-6pgye,/education/,301,education event
/blog/2019/summercamppoppins-rpwsh-dkt88,/education/,301,education event
/blog/2019/summercamppoppins-rpwsh-dznrc,/education/,301,education event
/blog/2019/summercamppoppins-rpwsh-jzptm,/education/,301,education event
/blog/2019/summercamppoppins-tb7p2,/education/,301,education event
/blog/2019/summercampseuss,/education/,301,education event
/blog/2020/fallyouth,/education/,301,education event
/blog/2021/springclasses,/education/,301,education event
/blog/2021/summercamp,/education/,301,education event
/blog/2022/summercamp,/education/,301,education event
/blog/2023/spring-break-camp-2023-skills-break-camp,/education/,301,education event
/blog/2023/summer-camps-2023,/education/,301,education event
/blog/25fallclasses,/education/,301,education event
/blog/25fallclasses-2kptp,/education/,301,education event
/blog/fiddlerjr,/education/,301,education event
/blog/2015/97th-season-opening-gala,/donate/,301,fundraising
/blog/2016/98th-season-opening-gala-and-silent-auction,/donate/,301,fundraising
/blog/2016/98th-season-opening-gala-and-silent-auction-ewp7l,/donate/,301,fundraising
/blog/2016/annual-fund-drive,/donate/,301,fundraising
/blog/2017/annualfunddrive,/donate/,301,fundraising
/blog/2017/annualfunddrive-4y34r,/donate/,301,fundraising
/blog/2017/annualfunddrive-fpemm,/donate/,301,fundraising
/blog/2018/100seasongala,/donate/,301,fundraising
/blog/2018/100seasongala-3mk7k,/donate/,301,fundraising
/blog/2019/gala,/donate/,301,fundraising
/blog/2020/annualfund,/donate/,301,fundraising
/blog/2022annualfund,/donate/,301,fundraising
/blog/2022annualfund-gf5fk,/donate/,301,fundraising
/blog/20212022/alltogetheraud,/news/,301,modern_show
/blog/20212022/alltogethernow,/news/,301,modern_show
/blog/20212022/auditionsclue,/auditions/,301,modern_show
/blog/20212022/auditionsoz,/auditions/,301,modern_show
/blog/20212022/auditionsoz-bpk42,/auditions/,301,modern_show
/blog/20212022/auditionssky,/auditions/,301,modern_show
/blog/20212022/auditionssky-jxcgy,/auditions/,301,modern_show
/blog/20212022/corndog,/news/,301,modern_show
/blog/20212022/covidprotocols,/news/,301,modern_show
/blog/20212022/covidprotocols-j2l2r,/news/,301,modern_show
/blog/20212022/cryitout,/news/,301,modern_show
/blog/20212022/june19,/news/,301,modern_show
/blog/20212022/seasontickets,/news/,301,modern_show
/blog/20212022/seasontix,/news/,301,modern_show
/blog/20212022/theguys,/news/,301,modern_show
/blog/20222023/lion,/news/,301,modern_show
/blog/20222023/lion-br6d8,/news/,301,modern_show
/blog/20222023/lion-br6d8-984h5,/news/,301,modern_show
/blog/20222023/lion-br6d8-984h5-czra9,/news/,301,modern_show
/blog/20222023/lion-br6d8-984h5-czra9-z26wf,/news/,301,modern_show
/blog/20222023/poboyaud,/news/,301,modern_show
/blog/20222023/rockauditions,/auditions/,301,modern_show
/blog/20222023/significantaudition,/auditions/,301,modern_show
/blog/20222023/significantaudition-r2zm9,/auditions/,301,modern_show
/blog/20222023/significantaudition-rrpga,/auditions/,301,modern_show
/blog/20222023/steelaud,/news/,301,modern_show
/blog/20222023/steelaud-8al6z,/news/,301,modern_show
/blog/20222023/wintercamp,/news/,301,modern_show
/blog/20222023/xmasauditions,/auditions/,301,modern_show
/blog/20232024/audmaine,/news/,301,modern_show
/blog/20232024/audmisery,/news/,301,modern_show
/blog/20232024/audmisery-4479k,/news/,301,modern_show
/blog/20232024/audmisery-4479k-ftkay,/news/,301,modern_show
/blog/20232024/audmisery-4479k-ftkay-eg24m,/news/,301,modern_show
/blog/20232024/danceharry,/news/,301,modern_show
/blog/20232024/deltaauditions,/auditions/,301,modern_show
/blog/20232024/fiddlerauditions,/auditions/,301,modern_show
/blog/20232024/fiddlerauditions-nf9gf,/auditions/,301,modern_show
/blog/20232024/fiddlerauditions-nrpky,/auditions/,301,modern_show
/blog/20232024/fiddlerauditions-nrpky-pxjk7,/auditions/,301,modern_show
/blog/20232024/fiddlerauditions-nrpky-twrnx,/auditions/,301,modern_show
/blog/20232024/findingnemokids-g3njx,/news/,301,modern_show
/blog/20232024/guvnor,/news/,301,modern_show
/blog/20232024/mouseauditions,/auditions/,301,modern_show
/blog/20232024/rudolphjr,/news/,301,modern_show
/blog/20232024/springclasses2024-g3njx-fmnt9-ddk2,/news/,301,modern_show
/blog/20232024/wrong-gfw6d,/news/,301,modern_show
/blog/20242025/dog,/news/,301,modern_show
/blog/20242025/murdermerlot,/news/,301,modern_show
/blog/20242025/oneman-4w9jr-89y5p,/news/,301,modern_show
/blog/20252026/bedauditions,/auditions/,301,modern_show
/blog/20252026/davinciaudition,/auditions/,301,modern_show
/blog/20252026/davinciaudition-fd3g3,/auditions/,301,modern_show
/blog/20252026/davinciaudition-fd3g3-msre8,/auditions/,301,modern_show
/blog/20252026/directors,/news/,301,modern_show
/blog/20252026/otshijinx,/news/,301,modern_show
/blog/20252026/otsmetamorphoses,/news/,301,modern_show
/blog/20252026/sottoaud,/news/,301,modern_show
/blog/20252026/springawakeningaudition,/auditions/,301,modern_show
/blog/20252026/springawakeningaudition-gxgle,/auditions/,301,modern_show
/blog/20252026/springclass,/news/,301,modern_show
/blog/2015/5/11/97th-season-announced,/news/,301,old show/news
/blog/2015/5/11/the-ceremony-of-innocence,/news/,301,old show/news
/blog/2015/5/11/the-music-man-junior,/news/,301,old show/news
/blog/2015/a-few-good-men,/news/,301,old show/news
/blog/2015/all-the-great-books,/news/,301,old show/news
/blog/2015/c-ellen-peters,/news/,301,old show/news
/blog/2015/city-line-interview,/about/press/,301,old show/news
/blog/2015/city-line-interview-a-christmas-story,/about/press/,301,old show/news
/blog/2015/donna-kundson,/news/,301,old show/news
/blog/2015/education-program,/news/,301,old show/news
/blog/2015/george-mcclure-md,/news/,301,old show/news
/blog/2015/heidi-walworth-horn,/news/,301,old show/news
/blog/2015/hembree,/news/,301,old show/news
/blog/2015/jeanette,/news/,301,old show/news
/blog/2015/jen-niehaus-rivers,/news/,301,old show/news
/blog/2015/katherine-davis,/news/,301,old show/news
/blog/2015/lily,/news/,301,old show/news
/blog/2015/martin,/news/,301,old show/news
/blog/2015/micheal-ohara,/news/,301,old show/news
/blog/2015/murder-on-the-movie-set,/news/,301,old show/news
/blog/2015/office-manager-373ag,/news/,301,old show/news
/blog/2015/office-manager-373ag-9pnef-aclg5-6l825-l9egj,/news/,301,old show/news
/blog/2015/oliver-1,/news/,301,old show/news
/blog/2015/ouroboros-shadow-pictures-presents-the-history-of-waking-up,/news/,301,old show/news
/blog/2015/randy-clark,/news/,301,old show/news
/blog/2015/randy-clark-dbs3d,/news/,301,old show/news
/blog/2015/stay-cool-at-tlt,/news/,301,old show/news
/blog/2015/the-buddy-holly-story,/news/,301,old show/news
/blog/2015/the-legend-of-sleepy-hollow,/news/,301,old show/news
/blog/2015/the-mystery-of-edwin-drood,/news/,301,old show/news
/blog/2015/the-night-of-the-iguana,/news/,301,old show/news
/blog/2015/tomorrow-tomorrow,/news/,301,old show/news
/blog/2016/365days,/news/,301,old show/news
/blog/2016/a-benefit-for-orlando,/news/,301,old show/news
/blog/2016/a-day-in-the-death-of-joe,/news/,301,old show/news
/blog/2016/a-piece-of-my-heart,/news/,301,old show/news
/blog/2016/after-school-tlt-dracula,/news/,301,old show/news
/blog/2016/after-school-tlt-dracula-elpss,/news/,301,old show/news
/blog/2016/after-school-tlt-robin-hood,/news/,301,old show/news
/blog/2016/after-school-tlt-spring-2016,/news/,301,old show/news
/blog/2016/birds-from-the-thicket,/news/,301,old show/news
/blog/2016/city-line-the-last-night-of-ballyhoo,/about/press/,301,old show/news
/blog/2016/fools-play-improv-at-tlt,/news/,301,old show/news
/blog/2016/fools-play-improv-at-tlt-gwn7e,/news/,301,old show/news
/blog/2016/fools-play-improv-at-tlt-gwn7e-yfh46,/news/,301,old show/news
/blog/2016/fools-play-improv-at-tlt-h6azh,/news/,301,old show/news
/blog/2016/gritty-city-sirens,/news/,301,old show/news
/blog/2016/high-school-musical,/news/,301,old show/news
/blog/2016/lit-aloud-an-off-the-shelf-event,/news/,301,old show/news
/blog/2016/murder-is-served-a-murder-mystery-dinner,/news/,301,old show/news
/blog/2016/noises-off,/news/,301,old show/news
/blog/2016/offtheshelfbeverly,/news/,301,old show/news
/blog/2016/stop-kiss-presented-by-found-space-productions,/news/,301,old show/news
/blog/2016/tacoma-arts-month,/news/,301,old show/news
/blog/2016/the-fortune-teller-presented-by-opera-elect,/news/,301,old show/news
/blog/2016/the-last-escape-a-puzzle-room,/news/,301,old show/news
/blog/2016/the-ozzie-fuhrmann-swing-band,/news/,301,old show/news
/blog/2016/the-scarlett,/news/,301,old show/news
/blog/2016/the-tenth-muse-off-the-shelf,/news/,301,old show/news
/blog/2016/the-underpants-5ypj7-em9m8-jfy3x,/news/,301,old show/news
/blog/2016/three-one-acts-lemonade-the-cat-connection-second-chance,/news/,301,old show/news
/blog/2016/top-girls,/news/,301,old show/news
/blog/2016/wintereducation2018,/news/,301,old show/news
/blog/2017/after-school-tlt-hansel-gretel,/news/,301,old show/news
/blog/2017/agentandtheactor,/news/,301,old show/news
/blog/2017/annie-katica-green,/news/,301,old show/news
/blog/2017/empathos,/news/,301,old show/news
/blog/2017/fade,/news/,301,old show/news
/blog/2017/gritty-city-sirens-present-boobtube,/news/,301,old show/news
/blog/2017/gritty-city-sirens-present-boobtube-62hcx,/news/,301,old show/news
/blog/2017/honey,/news/,301,old show/news
/blog/2017/honey-a76cy,/news/,301,old show/news
/blog/2017/honey-a76cy-3nefp,/news/,301,old show/news
/blog/2017/honey-a76cy-3nefp-58mtg,/news/,301,old show/news
/blog/2017/honey-a76cy-epksn,/news/,301,old show/news
/blog/2017/honeymoon-from-hell,/news/,301,old show/news
/blog/2017/jennyhubbard,/news/,301,old show/news
/blog/2017/love-loss-and-what-i-wore,/news/,301,old show/news
/blog/2017/mrs-smith-goes-to-washington,/news/,301,old show/news
/blog/2017/second-samuel-festival-performances,/news/,301,old show/news
/blog/2017/the-death-of-dr-pepper-a-murder-mystery-dinner,/news/,301,old show/news
/blog/2017/the-incredible-undersea-trial-of-joseph-p-lawnboy,/news/,301,old show/news
/blog/2018/broadwayolympia,/news/,301,old show/news
/blog/2018/condotokillfor,/news/,301,old show/news
/blog/2018/condotokillfor-9gb5f,/news/,301,old show/news
/blog/2018/cyranproductions,/news/,301,old show/news
/blog/2018/deathbyvalentine,/news/,301,old show/news
/blog/2018/grab-a-seat-and-enjoy,/news/,301,old show/news
/blog/2018/grittycityboobtubeseason2,/news/,301,old show/news
/blog/2018/grittycityvarie,/news/,301,old show/news
/blog/2018/montreal,/news/,301,old show/news
/blog/2018/muhgrog,/news/,301,old show/news
/blog/2018/muhgrog-hm4j8,/news/,301,old show/news
/blog/2018/muhgrog-hm4j8-7zmbm,/news/,301,old show/news
/blog/2018/murderbymerlot,/news/,301,old show/news
/blog/2018/murderbymerlot-xgbbm,/news/,301,old show/news
/blog/2018/murderbymerlot-xgbbm-sk9e2,/news/,301,old show/news
/blog/2018/offtheshelfempire,/news/,301,old show/news
/blog/2018/offtheshelfmeasure,/news/,301,old show/news
/blog/2018/offtheshelfpeterpan,/news/,301,old show/news
/blog/2018/offtheshelfrevolution,/news/,301,old show/news
/blog/2018/offtheshelfrevolution-6xwxa,/news/,301,old show/news
/blog/2018/offtheshelfrevolution-6xwxa-24bb7,/news/,301,old show/news
/blog/2018/offtheshelfrevolution-7lpkw,/news/,301,old show/news
/blog/2018/offtheshelfrevolution-7lpkw-eydma,/news/,301,old show/news
/blog/2018/offtheshelfrevolution-7lpkw-eydma-tfp5d,/news/,301,old show/news
/blog/2018/offtheshelfrevolution-7lpkw-eydma-tfp5d-j22jm,/news/,301,old show/news
/blog/2018/offtheshelfrevolution-gjkhz,/news/,301,old show/news
/blog/2018/sexiest,/news/,301,old show/news
/blog/2018/sexiest-9glhh,/news/,301,old show/news
/blog/2018/shipwrecked,/news/,301,old show/news
/blog/2018/shipwrecked-3ywjl,/news/,301,old show/news
/blog/2018/springeducation,/news/,301,old show/news
/blog/2018/springeducation-73prh,/news/,301,old show/news
/blog/2018/springeducation-73prh-kw3jp,/news/,301,old show/news
/blog/2018/springeducation-73prh-t9ly4,/news/,301,old show/news
/blog/2018/springeducation-73prh-t9ly4-645bw,/news/,301,old show/news
/blog/2018/springeducation-73prh-t9ly4-645bw-espsf,/news/,301,old show/news
/blog/2018/springeducation-73prh-t9ly4-645bw-jww8t,/news/,301,old show/news
/blog/2018/springeducation-73prh-t9ly4-645bw-x768b,/news/,301,old show/news
/blog/2018/springeducation-73prh-t9ly4-645bw-x768b-9rkry,/news/,301,old show/news
/blog/2018/veteransdayproject,/news/,301,old show/news
/blog/2019/blm,/news/,301,old show/news
/blog/2019/blueforge,/news/,301,old show/news
/blog/2019/castmates,/news/,301,old show/news
/blog/2019/castmates-54bgg,/news/,301,old show/news
/blog/2019/castmates-54bgg-ltef7,/news/,301,old show/news
/blog/2019/castmatescalendargirls,/news/,301,old show/news
/blog/2019/castmatesdollshouse,/news/,301,old show/news
/blog/2019/castmatesdollshouse-5mj7x,/news/,301,old show/news
/blog/2019/castmatesgypsy,/news/,301,old show/news
/blog/2019/castmatesgypsy-lalkt,/news/,301,old show/news
/blog/2019/castmatesjcs,/news/,301,old show/news
/blog/2019/castmateslaura,/news/,301,old show/news
/blog/2019/castmatesmice,/news/,301,old show/news
/blog/2019/castmatessep25,/news/,301,old show/news
/blog/2019/castmatessep25-prpec,/news/,301,old show/news
/blog/2019/castmatesvanya,/news/,301,old show/news
/blog/2019/castmatesvanya-z6797,/news/,301,old show/news
/blog/2019/castmatesvanya-z6797-yd4xh,/news/,301,old show/news
/blog/2019/fotoloose,/news/,301,old show/news
/blog/2019/foulplay,/news/,301,old show/news
/blog/2019/fuddy,/news/,301,old show/news
/blog/2019/fuddy-dha7r,/news/,301,old show/news
/blog/2019/grittyapril,/news/,301,old show/news
/blog/2019/grittyprivate,/news/,301,old show/news
/blog/2019/horsin,/news/,301,old show/news
/blog/2019/inclement-weather-information,/news/,301,old show/news
/blog/2019/inclement-weather-information-xpp5l,/news/,301,old show/news
/blog/2019/jedi,/news/,301,old show/news
/blog/2019/laramie10,/news/,301,old show/news
/blog/2019/marypoppins,/news/,301,old show/news
/blog/2019/muhgrog,/news/,301,old show/news
/blog/2019/muhgrog-t3kr3,/news/,301,old show/news
/blog/2019/muhgrog157158,/news/,301,old show/news
/blog/2019/muhgrog157158-fjne9,/news/,301,old show/news
/blog/2019/muhgrogvirtual,/news/,301,old show/news
/blog/2019/murdermystery2024,/news/,301,old show/news
/blog/2019/murdermystery2024-77bfe,/news/,301,old show/news
/blog/2019/pillowmanfestival,/news/,301,old show/news
/blog/2019/pillowmannationals,/news/,301,old show/news
/blog/2019/qawithtlt,/news/,301,old show/news
/blog/2019/qawithtlt-84f9e,/news/,301,old show/news
/blog/2019/robinhood,/news/,301,old show/news
/blog/2019/season101,/news/,301,old show/news
/blog/2019/spacies,/news/,301,old show/news
/blog/2019/spacies-4kzgl,/news/,301,old show/news
/blog/2019/springeducation-kndsr,/news/,301,old show/news
/blog/2019/stayhomeadultmono,/news/,301,old show/news
/blog/2019/stayhomemonologues,/news/,301,old show/news
/blog/2019/stayhomemonologues-hentd,/news/,301,old show/news
/blog/2019/stayhometap,/news/,301,old show/news
/blog/2019/summerfootloose,/news/,301,old show/news
/blog/2019/tacomacreates,/news/,301,old show/news
/blog/2019/wintered,/news/,301,old show/news
/blog/2019/wsctaboard,/news/,301,old show/news
/blog/2020/catmates2021,/news/,301,old show/news
/blog/2020/falladult,/news/,301,old show/news
/blog/2020/falladult-9ygrj,/news/,301,old show/news
/blog/2020/falladult-c2zcp,/news/,301,old show/news
/blog/2020/falladult-c2zcp-kpdjh,/news/,301,old show/news
/blog/2020/finalassignment,/news/,301,old show/news
/blog/2020/finalassignment-r74ht,/news/,301,old show/news
/blog/2020/minidoka,/news/,301,old show/news
/blog/2020/minidoka-7wetl,/news/,301,old show/news
/blog/2020/minidoka-tyjt6,/news/,301,old show/news
/blog/2020/skin,/news/,301,old show/news
/blog/2020/skin-nemtj,/news/,301,old show/news
/blog/2020/summersupernews,/news/,301,old show/news
/blog/2020/summerweek1,/news/,301,old show/news
/blog/2020/summerweek2,/news/,301,old show/news
/blog/2020/summerweek4,/news/,301,old show/news
/blog/2020/summerweek5,/news/,301,old show/news
/blog/2020/summerweek6,/news/,301,old show/news
/blog/2020/summerweek6-en8yw,/news/,301,old show/news
/blog/2020/summerweek8,/news/,301,old show/news
/blog/2021/ballinger,/news/,301,old show/news
/blog/2021/clausell,/news/,301,old show/news
/blog/2021/falled,/news/,301,old show/news
/blog/2021/falled-lc9tl,/news/,301,old show/news
/blog/2021/hayes,/news/,301,old show/news
/blog/2021/kremer,/news/,301,old show/news
/blog/2021/now-hiring-education-director,/news/,301,old show/news
/blog/2021/now-hiring-education-director-eyg5f,/news/,301,old show/news
/blog/2021/now-hiring-education-director-eyg5f-wwwl7,/news/,301,old show/news
/blog/2021/russell,/news/,301,old show/news
/blog/2021/russell-5tgd7,/news/,301,old show/news
/blog/2021/russell-5tgd7-smmxm,/news/,301,old show/news
/blog/2021/springbreak,/news/,301,old show/news
/blog/2021/summerallages,/news/,301,old show/news
/blog/2016/98th-season-tickets,/tickets/,301,season tickets
/blog/2022/kaleidoscope-page,/news/,301,special event
/blog/kaleidoscope-registration,/news/,301,special event
/blog/2020postponed,/news/,301,uncategorized
/blog/2022/offshelf1,/news/,301,uncategorized
/blog/2022/offshelf1-7wyr7,/news/,301,uncategorized
/blog/2022/offshelf1-7wyr7-f8j4h,/news/,301,uncategorized
/blog/2022/offshelf1-7wyr7-f8j4h-f4k43,/news/,301,uncategorized
/blog/2022/ots2,/news/,301,uncategorized
/blog/2022/spring-education-2022,/news/,301,uncategorized
/blog/2022/spring-education-2022-bgrgt,/news/,301,uncategorized
/blog/2022/spring-education-2022-bgrgt-267bt,/news/,301,uncategorized
/blog/2022/spring-education-2022-bgrgt-267bt-xse3d,/news/,301,uncategorized
/blog/2022/spring-education-2022-bgrgt-267bt-xse3d-sgdlr,/news/,301,uncategorized
/blog/2022/spring-education-2022-bgrgt-267bt-xse3d-sgdlr-ajmyl,/news/,301,uncategorized
/blog/2022/spring-education-2022-bgrgt-267bt-xse3d-sgdlr-ajmyl-s5bfx,/news/,301,uncategorized
/blog/2022/winter-break-2022-a-year-with-frog-and-toad,/news/,301,uncategorized
/blog/2025/knockemdead,/news/,301,uncategorized
/blog/2025/revenge,/news/,301,uncategorized
/blog/2025/revenge-s2keg,/news/,301,uncategorized
/blog/2122/offtheshelfboudica,/news/,301,uncategorized
/blog/asyou,/news/,301,uncategorized
/blog/hadesteen,/news/,301,uncategorized
/blog/merchandise,/news/,301,uncategorized
/blog/summer24,/news/,301,uncategorized
/blog/summer24-g2226,/news/,301,uncategorized
/blog/tag/City+Line,/news/,301,uncategorized
